Items,Index,BIO,OR., PRIX ,EMBALLAGE SECONDAIRE,EMBALLAGE PRIMAIRE,UNITÉS X EMB.,col. libre,Preparé pour la liste du collectif,Categorie,Nom,Brand,Brand 2,Date,Commentaires
ABRICOTS JAUNE REMBRANDT 3 LYR 120 WA,Y0001,,EU,"59,00 $",BOITE 120,UN,120,,OUI,Canadawide,,,,22 juill. 2025,
AIL (BIO) BLANC PERI & SONS 30LBS EU,Y0002,BIO,EU,"67,75 $",30LBS,LBS,30,,OUI,Canadawide,,,,20 janv. 2026,
AIL (BIO) BLANC PERI & SONS 30LBS EU - PORTIONS DE 200GRAMMES,Y0003,BIO,EU,"0,99 $",30LBS / 200 GR,200GR,1,,OUI,Canadawide,,,,20 janv. 2026,
AIL (BIO) CESAR 12X85GR ES,Y0004,BIO,ES,"24,50 $",12X85GR,UN,12,,OUI,Canadawide,,,,18 nov. 2025,
AIL BLANC BOITE BRUN 30LBS EU,Y0005, ,EU,"65,00 $",BOITE/30LBS,LBS,30,,OUI,Canadawide,,,,15 oct. 2024,
AIL FLEUR (BIO) CHAREJO 10LBS QC,Y0006,BIO,QC,"22,50 $",SAC 10LBS,LBS,10,,OUI,Canadawide,,,,25 juin 2025,
AIL FRAIS AVEC TIGE 4X12 QC,Y0007, ,QC,"24,00 $",12TX4TIGES,UN,48,,OUI,Canadawide,,,,8 juill. 2025,
AIL MAUVE S.COLOSSAL GABY 30LBS MX,Y0009,,MX,"140,00 $",30LBS,275GR,49,,OUI,Canadawide,,,,15 juill. 2025,
AIL MAUVE S.COLOSSAL GABY 30LBS MX DIVISÉ EN 275GRAMMES,Y0010,,MX,"2,86 $",275GR,275GR,1,,OUI,Canadawide,,,,15 juill. 2025,
AIL PARS LBS EU,Y0013,,AR,"6,00 $",PAR LBS,LBS,1,,OUI,Canadawide,,,,17 mai 2024,
AJOUTS - VOIR COMMENTAIRE,Y0014,BIO,CR,"21,50 $",BOITE,UN,8,,OUI,Canadawide,,,,10 déc. 2024,
ANANAS (BIO) DOLE 8 CR,Y0015,,CR,"39,50 $",BOITE 6,UN,6,,OUI,Canadawide,,,,11 février 2025,
ANANAS DELMONTE HONEY GLOW 6 CR,Y0016,,CR,"31,50 $",BOITE 8,UN,8,,OUI,Canadawide,,,,11 février 2025,
ANANAS DELMONTE HONEY GLOW 8 CR,Y0017,,CR,"24,00 $",BOITE 8,UN,8,,OUI,Canadawide,,,,27 mai 2025,
ANANAS DOLE 6 CR,Y0018,,CR,"28,50 $",BOITE 7,UN,7,,OUI,Canadawide,,,,11 février 2025,
ANANAS GOLDEN SELECTION DOLE 8 CR,Y0021,,,"  30,50  $ ",,,,,OUI,Canadawide,,,,20 avr. 2025,
ANGLAIS SUNSET LG ON CONCOMBRE,Y0022,,CA,"52,50 $",BOITE/24,UN,24,,OUI,Canadawide,,,,10 déc. 2024,
ANIS (FENOUIL) ANDYBOY 24 CA ,Y0023,,CA,"52,50 $",BOITE/30,UN,30,,OUI,Canadawide,,,,10 déc. 2024,
ANIS (FENOUIL) ANDYBOY 30 CA ,Y0024,,CA,"24,50 $",BOITE/24,UN,24,,OUI,Canadawide,,,,15 oct. 2024,
ANIS (FENOUIL) OCEAN MIST 24 CA SANS FEUILLES,Y0025,,CA,"28,50 $",BOITE/24,UN,24,,OUI,Canadawide,,,,18 oct. 2024,
ANIS LAKESIDE 12 CA,Y0027,,QC,"35,75 $",BOITE/24,UN,24,,OUI,Canadawide,,,,8 oct. 2024,
ARTICHAUT LAKESIDE 18 CA,Y0037,,FL,"18,31 $",BOITE6x4oz,4oz,6,,OUI,Canadawide,,,,25 avr. 2024,
ARUGULA B&W CELLO 6X4oz FL,Y0038,,CA,"14,00 $",BOITE,LBS,2,,OUI,Canadawide,,,,10 janvier 2025,
ARUGULA BEBE CLASSIC 2LBS CA,Y0039,,CA,"14,00 $",2LBS,LBS,2,,OUI,Canadawide,,,,6 janv. 2026,
ARUGULA CLASSIC 2X1.5LBS CA,Y0040,,FL,"25,00 $","BOITE2x1,5lbs",LBS,3,,OUI,Canadawide,,,,12 avr. 2024,
ARUGULA SALAD FARM 2LBS EU,Y0042,,EU,"14,00 $",2LBS,LBS,2,,OUI,Canadawide,,,,18 nov. 2025,
ASPERGE (BIO) VERT NATURALLY ORG LG 5KG MX,Y0047,,MX,"65,75 $",28LBS/28X1LBS,1LBS,28,,OUI,Canadawide,,,,4 mars 2025,
ASPERGE VERT ALTAR STD 28LBS MX,Y0048,,MX,"69,50 $",28 1LB PACKS,UN,28,,OUI,Canadawide,,,,1 avr. 2025,
ASPERGE VERT ALTAR STD 5KG MX,Y0049,,QC,"44,75 $",20LBS - 18UN,1LBS,18,,OUI,Canadawide,,,,21 juin 2024,
ASPERGE VERT FINE 20LBS 18 PACKS,Y0050,,QC,"49,00 $",20LBS - 20UN,1LBS,20,,OUI,Canadawide,,,,7 juin 2024,
ASPERGE VERT PETIT (FIN) 20LBS QC,Y0051, ,QC,"45,50 $",20LBS/20UN,UN,20,,OUI,Canadawide,,,,25 juin 2025,
ASPERGE VERT STD 20LBS QC,Y0052, ,QC,"65,00 $",20LBS/20UN,UN,20,,OUI,Canadawide,,,,10 juin 2025,
ASPERGE VERT STD 28LBS QC,Y0053,,QC,"87,50 $",28 1LB PACKS,UN,28,,OUI,Canadawide,,,,11 juin 2025,
AUBERGINE INDIENNE M. PRINCIPAL 5KG QC,Y0061,,QC,"12,00 $",5KG,KG,5,,OUI,Canadawide,,,,2 septembre 2025,
AUBERGINE ITALIEN BTE. BRUN 5KG ON,Y0067, ,ON,"16,00 $",BOITE,LBS,11,,OUI,Canadawide,,,,8 juill. 2025,
Aubergine regulier Fresh Farms 24 MX,Y0068,,MX,"30,50 $",BOITE/24,UN,24,,OUI,Canadawide,Aubergine,GREENPOINT,REGULAR,18 févr. 2024,
AUBERGINE REGULIER IDEAL HARBEST 24 MX,Y0069, ,MX,"24,50 $",BOITE,UN,24,,OUI,Canadawide,,,,25 avr. 2025,
AUBERGINE REGULIER JARDIN M.G 24 QC,Y0070, ,QC,"16,50 $",BOITE 24,UN,24,,OUI,Canadawide,,,,30 sept. 2025,
AUBERGINE REGULIER JARDIN M.G 36 QC,Y0071, ,QC,"19,50 $",BOITE 36,UN,36,,OUI,Canadawide,,,,12 août 2025,
AUBERGINE REGULIER KIRMIT 5KG QC,Y0073, ,MX,"35,50 $",BOITE,UN,18,,OUI,Canadawide,Aubergine,SUNFED,FCY,29 févr. 2024,
AUBERGINE REGULIER SEEDED 24 MX,Y0074,,MX,"24,50 $",BOITE/24,UN,24,,OUI,Canadawide,,,,24 févr. 2026,
AUBERGINE REGULIER SEEDED 32 MX,Y0075,,MX,"22,50 $",BOITE/32,UN,32,,OUI,Canadawide,,,,24 févr. 2026,
AUBERGINE REGULIER SUNFED FCY 24 MX,Y0077,,MX,"26,50 $",BOITE DE 24,UN,24,,OUI,Canadawide,,,,8 avr. 2025,
AUBERGINE REGULIER SUNFED FCY 32 MX,Y0078,,AR,"18,50 $",32XBOITE,UN,32,,OUI,Canadawide,,,,27 janv. 2026,
AUBERGINE VERTE RONDE KIRMIT 5KG QC,Y0082,,QC,"21,50 $",,,,,OUI,Canadawide,,,,,
AVOCATS (1) HASS RPC MISSION 17KG 12X3LBS 48 A 84 MIXTE MX,Y0088,,MX,"35,00 $",12X3LBS,3LBS,12,,OUI,Canadawide,,,,2 mars 2025,
AVOCATS (BIO) HASS #FRESCADEL 14X6 MX,Y0089,BIO,MX,"75,50 $",14x6,UN,84,,OUI,Canadawide,,,,16 avr. 2024,
AVOCATS (BIO) HASS #FRESCADEL 8X3,Y0090,BIO,MX,"28,50 $",8X3,UN,24,,OUI,Canadawide,,,,19 avr. 2024,
AVOCATS (BIO) HASS COLIMAN 60 MX,Y0091,BIO,,"78,00 $",BOITE 60,UN,60,,OUI,Canadawide,,,,16 avr. 2024,
AVOCATS (BIO) HASS COLIMAN 70 MX,Y0092,BIO,,"81,00 $",BOITE 70,UN,70,,OUI,Canadawide,,,,13 mai 2024,
AVOCATS (BIO) HASS COUMAN 84 MX,Y0093,BIO,,"67,00 $",BOITE 84,UN,84,,OUI,Canadawide,,,,16 avr. 2024,
AVOCATS (BIO) HASS FAIRTRADE 70 MX,Y0094,BIO,,"78,00 $",BOITE 70,UN,70,,OUI,Canadawide,,,,16 avr. 2024,
AVOCATS HASS #FRESCADEL 2KG,Y0098,,,"8,25 $",KG,KG,2,,OUI,Canadawide,,,,26 mars 2024,
AVOCATS HASS 70 CO,Y0101, ,CO,"47,00 $",BOITE 70,UN,70,,OUI,Canadawide,,,,5 juin 2025,
AVOCATS HASS AVO VALLEY 14X6 MX,Y0103,,MX,"39,50 $",BOITE 14X6,UN,14,,OUI,Canadawide,,,,23 décembre 2025,
AVOCATS HASS AVOCOOL 60 MX,Y0104,,MX,"43,00 $",60XBOÎTE,UN,60,,OUI,Canadawide,,,,24 févr. 2026,
AVOCATS HASS COLIMAN 60 MX,Y0110,,,"78,00 $",,,,,OUI,Canadawide,,,,8 mai 2024,
AVOCATS HASS COLIMAN 70 MX,Y0111,,MX,"46,00 $",BOITE/70,UN,70,,OUI,Canadawide,,,,7 janvier 2025,
AVOCATS HASS COLIMAN 84 MX,Y0112,,MX,"36,50 $",BOITE 84,UN,84,,OUI,Canadawide,,,,23 septembre 2025,
AVOCATS HASS COLLIMAN 17X5 MX,Y0113,,MX,"39,50 $",17X5,5,17,,OUI,Canadawide,,,,21 oct. 2025,
AVOCATS HASS COLLIMAN 1X5 MX,Y0114,,MX,"3,99 $",1X5UN,UN,5,,OUI,Kim Phat,,,,3 avr. 2025,
AVOCATS HASS FRESH COURT 84 MX,Y0116,,MX,"50,00 $",BOITE 15 LBS,UN,39,,OUI,Canadawide,,,,19 mai 2025,
AVOCATS HASS FRONTERRA 14X5 MX,Y0117,,MX,"37,50 $",14X5,5,14,,OUI,Canadawide,,,,21 oct. 2025,
AVOCATS HASS FRONTERRA 84 MX,Y0118,,MX,"33,50 $",BOITE 84,UN,84,,OUI,Canadawide,,,,7 oct. 2025,
AVOCATS HASS MISSION 70 MX,Y0119,,MX,"40,00 $",BOITE/70,UN,70,,OUI,Canadawide,,,,7 janvier 2025,
AVOCATS HASS MISSION 84 MX,Y0120,,MX,"20,00 $",BOITE/70,UN,70,,OUI,Canadawide,,,,10 janvier 2025,
AVOCATS HASS RPC MISSION 17KG 12X3LBS 48 A 84 MIXTE MX,Y0122,,MX,"25,00 $",12X3LBS,3LBS,12,,OUI,Canadawide,,,,2 mars 2025,
AVOCATS HASS SAN LORENZO 70 MX,Y0128,,MX,"57,00 $",BOITE/57,UN,70,,OUI,Canadawide,,,,17 mai 2024,
AVOCATS HASS SOL 84 MX,Y0129,,CO,"23,00 $",BOITE 84UN,UN,84,,OUI,Canadawide,,,,22 juill. 2025,
BANANE (BIO) DELMONTE FAIRTRADE EC,Y0130,BIO,EC,"44,50 $",BOITE/40LBS,LBS,40,#REF!,OUI,Canadawide,,,,1 avr. 2025,
BANANE (BIO) DOLE,Y0131,BIO,CL,"40,50 $",40 lbs,LBS,40,,OUI,Canadawide,,,,24 févr. 2026,
BASILIC EN POT 12 PLANTES,Y0134, ,,"29,67 $",BOITE 12 PLANTS+TAX,UN,12,#REF!,OUI,Canadawide,,,,9 mai 2024,
BETTE A CARDE (BIO) ARC-EN-CIEL CAL-O 24 CA,Y0135,BIO,CA,"42,50 $",BOITE 24,UN,24,,OUI,Canadawide,,,,26 juin 2024,
BETTE A CARDE (BIO) ARC-EN-CIEL ZEPHYR 24 ON,Y0138,BIO,ON,"42,50 $",BOITE 24,UN,24,,OUI,Canadawide,,,,15 oct. 2024,
BETTE A CARDE (BIO) ROUGE CAL-O 24 CA,Y0142,BIO,,"39,50 $",,,,,OUI,Canadawide,,,,8 mai 2024,
BETTE A CARDE (BIO) ROUGE LAKESIDE 24 CA,Y0143,BIO,,"29,50 $",,,,,OUI,Canadawide,,,,8 mai 2024,
BETTE A CARDE (BIO) VERT CAL-O 24 CA,Y0146,BIO,,"39,50 $",,,,,OUI,Canadawide,,,,9 mai 2024,
BETTE A CARDE ARC EN CIEL BKR 24 EU,Y0149,,EU,"  25,00  $ ",24PK,UN,24,,OUI,Canadawide,,,,14 nov. 2024,
BETTE A CARDE ARC-EN-CIEL 12 QC,Y0150,,QC,"21,00 $",BOITE/12,UN,12,,OUI,Canadawide,,,,22 oct. 2024,
BETTE A CARDE ROUGE LITTLE BEAR 2DZ TX,Y0158,,TX,"46,50 $",2 DZ - 24,UN,24,,OUI,Canadawide,,,,27 déc. 2024,
BETTE A CARDE VERT 12 QC,Y0159,,QC,"  21,00  $ ",BOITE 12,UN,12,,OUI,Canadawide,,,,15 oct. 2024,
BETTE A CARDE VERT J.J. LOOP 24 MX,Y0161,,MX,"42,50 $",BOITE 24,UN,24,,OUI,Canadawide,,,,10 juin 2025,
BETTERAVE (BIO) CUIT SOUS-VIDE 12X398ML FR,Y0163,BIO,,"32,50 $",,,,,OUI,Canadawide,,,,9 mai 2024,
BETTERAVE (BIO) FEUILLE RGE CAL-O 24 CA,Y0167,BIO,,"39,50 $",,,,,OUI,Canadawide,,,,8 mai 2024,
BETTERAVE (BIO) FEUILLE RGE LAKESIDE 24 CA,Y0168,BIO,,"12,50 $",,,,,OUI,Canadawide,,,,8 mai 2024,
BETTERAVE (BIO) FEUILLE RGE NATURALLY ORG...,Y0170,BIO,,"12,50 $",,,,,OUI,Canadawide,,,,8 mai 2024,
BETTERAVE (BIO) ROUGE 25LBS QC,Y0174,BIO,QC,"35,50 $",25LBS,LBS,25,,OUI,Canadawide,,,,9 mai 2024,
BETTERAVE (BIO) ROUGE CAL-O 25LBS CA,Y0176,BIO,,"39,50 $",,,,,OUI,Canadawide,,,,9 mai 2024,
BETTERAVE (BIO) ROUGE LAKESIDE 25LBS CA,Y0178,BIO,CA,"35,50 $",25LBS,LBS,25,,OUI,Canadawide,,,,9 mai 2024,
BETTERAVE CUIT SOUS-VIDE 12X398ML - STIFF,Y0183,,,"21,00 $",,,,,OUI,Canadawide,,,,9 mai 2024,
BLE D'INDE BI-COULEUR 5DZ QC,Y0195,,QC,"21,75 $",5DZ,UN,60,,OUI,Canadawide,,,,3 oct. 2025,
BLE D'INDE BI-COULEUR EU,Y0196,,,"20,50 $",,,,,OUI,Canadawide,,,,9 mai 2024,
BLEUETS CRETE X 12 QC,Y0198,,QC,"31,75 $",12X565ML,565ML,12,,OUI,Canadawide,,,,12 août 2025,
BOK CHOY (BI0) BEBE CAL-0 20LBS CA,Y0201,,CA,"49,50 $",BOITE 20LBS,LBS,20,,OUI,Canadawide,,,,2 févr. 2024,
BOK CHOY (BI0) BEBE LAKESIDE 20LBS CA,Y0202,,CA,"39,50 $",BOITE 20LBS,LBS,20,,OUI,Canadawide,,,,23 mars 2025,
BOK CHOY (BIO) LAKESIDE CA,Y0203,,CA,"34,50 $",BOITE 20LBS,LBS,20,,OUI,Canadawide,,,,2 mai 2024,
BOK CHOY BEBE SHANGAI 28LBS ,Y0204,,QC,"27,50 $",BOITE 28LBS,LBS,28,,OUI,Canadawide,,,,21 oct. 2025,
BOK CHOY BEBE SHANGHAI 28LBS QC,Y0205,,QC,"41,00 $",28LBS,LBS,30,,OUI,Canadawide,,,,12 août 2025,
BOK CHOY EU,Y0206,,EU,"38,50 $",BOITE 30LBS,LBS,30,,OUI,Canadawide,,,,6 févr. 2026,
BOK CHOY QC,Y0207,,QC,"27,50 $",BOITE 20LBS,LBS,20,,OUI,Canadawide,,,,15 oct. 2024,VÉRIFIER  QTÉ
BROCOLI (BIO) FOXY 14 MX / CA,Y0210,BIO,,"49,50 $",,,,,OUI,Canadawide,,,,9 mai 2024,
BROCOLI (BIO) LAKESIDE 14 CA,Y0211,BIO,,"18,50 $",,,,,OUI,Canadawide,,,,9 mai 2024,
BROCOLI (COURONNE) #FRESCADEL,Y0215,,,"52,50 $",,,,,OUI,Canadawide,,,,9 mai 2024,
BROCOLI (COURONNE) BONIPAK EU,Y0217, ,EU,"22,75 $",BOITE/20LBS,LBS,20,,OUI,Canadawide,,,,20 mai 2025,
"BROCOLI (COURONNE) BTE BLANCHE GLACE, EU 20 LBS",Y0218, ,EU,"43,00 $",BOITE/20LBS,LBS,20,,OUI,Canadawide,,,,20 janv. 2026,
BROCOLI (COURONNE) EUPHORIA GLACE QC,Y0219,,QC,"30,75 $",BOITE 30,LBS,30,,OUI,Canadawide,,,,14 oct. 2025,
BROCOLI (COURONNE) GIFAR  QC,Y0222,,QC,"36,75 $",BOITE 30 LBS,LBS,30,,OUI,Canadawide,,,,25 juin 2025,
BROCOLI (COURONNE) MACCU  20LBS,Y0223, ,MX,"35,75 $",20LBS,LBS,20,,OUI,Canadawide,,,,24 févr. 2026,
BROCOLI (COURONNE) MONETTE GLACE ON,Y0224,,ON,"15,75 $",BOITE 30 LBS,LBS,30,,OUI,Canadawide,,,,25 juin 2025,
BROCOLI #FRESCADEL ENV 14,Y0226,,,"39,50 $",,,,,OUI,Canadawide,,,,9 mai 2024,
BROCOLI 18 QC,Y0227,,QC,"25,50 $",BOITE 18,UN,18,,OUI,Canadawide,,,,15 oct. 2024,
BROCOLI ANDYBOY 18 CA,Y0228,,CA,"  35,75  $ ",BOITE/18,UN,18,,OUI,Canadawide,,,,16 déc. 2025,
BROCOLI BIO LAKESIDE 14 CA,Y0229,BIO,CA,"18,50 $",BOITE/14,UN,14,,OUI,Canadawide,,,,14 mars 2024,
BROCOLI BIOFOXY 14 MX / CA,Y0230,BIO,MX,"18,50 $",BOITE/14,UN,14,,OUI,Canadawide,,,,14 mars 2024,
BROCOLI COUSINEAU 14 GLACE QC ,Y0232,,QC,"34,75 $",BOITE 14,UN,14,,OUI,Canadawide,,,,25 juin 2025,
BROCOLI FOXY 14  CA,Y0234,,CA,"27,75 $",BOITE 14,UN,14,,OUI,Canadawide,,,,14 janv. 2025,
BROCOLI FOXY 14 CA,Y0235, ,CA,"31,75 $",BOITE/14,UN,14,,OUI,Canadawide,,,,16 déc. 2025,
BROCOLI FRESCADEL ENV,Y0237,,,"32,50 $",BOITE/14,UN,14,,OUI,Canadawide,,,,14 mars 2024,
BROCOLI SOREL 18 GLACE QC,Y0241,,QC,"24,75 $",BOITE/18,UN,18,,OUI,Canadawide,,,,2 septembre 2025,
BROCOLI SOREL14 GLACE QC,Y0242,,QC,"30,75 $",BOITE 14,UN,14,,OUI,Canadawide,,,,22 juill. 2025,
BROCOLI T&A 14 CA ,Y0243,,,"39,50 $",,,,,OUI,Canadawide,,,,9 mai 2024,
CANTALOUP GIFAR 15 QC,Y0250,,QC,"7,50 $",BOITE 15,UN,16,,OUI,Canadawide,,,,3 oct. 2025,
CANTALOUP KANDY 12 UN MX,Y0251,,MX,"  24,75  $ ",12XBOITE,UN,12,,OUI,Canadawide,,,,24 févr. 2026,
CANTALOUP MIKES 9 MX,Y0252,,MX,"  21,75  $ ",9XBOITE,UN,9,,OUI,Canadawide,,,,24 févr. 2026,
CARAMBOLE 18/24 BR,Y0253,,BR,"29,50 $",BOITE 18/24,UN,18,,OUI,Canadawide,,,,12 avr. 2024,
CAROTTE 10LBS QC - STIFF,Y0283,,QC,"4,00 $",10 LBS,10LBS,10,,OUI,Canadawide,,,,15 oct. 2024,
CAROTTE EARTHBOUND 24X2 EU,Y0295,,,"  55,50  $ ",,,,,OUI,Canadawide,,,,8 mai 2024,
CAROTTE ENV 10X5 QC,Y0296,,QC,"24,50 $",10X5LBS ,LBS,50,,OUI,Canadawide,,,,31 déc. 2024,
CAROTTE ENV 24X2 ON,Y0297,,ON,"35,00 $",24x2lbs,LBS,48,,OUI,Canadawide,,,,4 mars 2025,
CAROTTE ENV ATV 24X2LBS EU,Y0298,,EU,"36,00 $",24X2LBS,LBS,48,,OUI,Canadawide,,,,8 juin 2025,
CAROTTE ENV GWILLIMDALE 24X2LBS MX,Y0299,,MX,"41,50 $",24X2LBS,2LBS,24,,OUI,Canadawide,,,,15 juill. 2025,Y0271
CAROTTE ENV PIER C 24X2 MX,Y0300,,MX,"38,75 $",24X2LBS,2LBS,24,,OUI,Canadawide,,,,2 juin 2025,
CAROTTE FEUILLE ARC-EN-CIEL LAK...,Y0301,,,"  20,50  $ ",,,,,OUI,Canadawide,,,,8 mai 2024,
CAROTTE FEUILLE BOSKOVICH 24 MX,Y0302,,,"  20,50  $ ",,,,,OUI,Canadawide,,,,8 mai 2024,
CAROTTE FEUILLE LAKESIDE 24 CA/...,Y0303,,,"  20,50  $ ",,,,,OUI,Canadawide,,,,8 mai 2024,
CAROTTE JUMBO PIER C 50LBS MX,Y0306,,MX,"35,00 $",50LBS,LBS,50,,OUI,Canadawide,,,,20 mai 2025,
CAROTTE KERN RIDGE ENV 10X5 CA,Y0307,,,"  55,50  $ ",,,,,OUI,Canadawide,,,,8 mai 2024,
CAROTTE MINI EARTHBOUND 24X1 EU,Y0309,,,"  49,50  $ ",,,,,OUI,Canadawide,,,,8 mai 2024,
CAROTTE NANTAISE 25LBS MX,Y0313,,MX,"37,50 $",LBS,25LBS,25,,OUI,Canadawide,,,,13 mai 2025,
CAROTTE NANTAISE 25LBS QC,Y0314,,QC,"28,50 $",LBS,25LBS,25,,OUI,Canadawide,,,,3 oct. 2025,
CAROTTE NANTAISE COULEUR 25LBS QC,Y0316,,QC,"36,50 $",25 LBS,LBS,25,,OUI,Canadawide,,,,16 déc. 2025,
CAROTTE ROUGE 25LBS QC,Y0318,,QC,"26,50 $",25LBS,LBS,25,,OUI,Canadawide,,,,12 nov. 2024,
Carottes Env 10x5 lbs ON,Y0322,,ON,"37,50 $",10X5LBS,5LBS,50,,OUI,Canadawide,,,,16 févr. 2024,
Carottes Env Gariepy 10x5 lbs QC,Y0323,,QC,"33,75 $",10X5LBS,5LBS,50,,OUI,Canadawide,,,,16 févr. 2024,
Carottes Env Vegco 10x5 lbs QC,Y0324,,QC,"33,75 $",10X5LBS,5LBS,50,,OUI,Canadawide,,,,16 févr. 2024,
Carottes Jumbo #1 50 lb QC,Y0325,,QC,"28,00 $",50lbs,LBS,50,,OUI,Canadawide,,,,10 févr. 2024,
CELERI (BIO) BOSKOVICH ENV 24 MX,Y0327,BIO,MX,"39,50 $",ENV 24,UN,24,,OUI,Canadawide,,,,15 avr. 2025,
CELERI (BIO) EARTHBOUND ENV 30 CA/MX,Y0328,BIO,MX,"39,50 $",BOITE/30,UN,30,,OUI,Canadawide,,,,4 nov. 2024,
CELERI (BIO) FOXY ENV 30 CA/MX,Y0329,BIO,MX,"39,50 $",BOITE/30,UN,30,,OUI,Canadawide,,,,4 nov. 2024,
CELERI (BIO) RAVE LAKESIDE 25LBS CA,Y0331,BIO,CA,"39,50 $",25LBS,LBS,25,,OUI,Canadawide,,,,29 juill. 2025,
CELERI (RAVE) BTE.10KG NL,Y0333,,NL,"29,50 $",BOITE/10UN,LBS,22,,OUI,Canadawide,,,,29 avr. 2025,
CELERI (RAVE) QC 20 LBS 11UN,Y0334,,QC,"17,75 $",BOITE/11UN,UN,11,,OUI,Canadawide,,,,13 janv. 2026,
CELERI (RAVE) SAC 10KG NL 9-11,Y0335,,NL,"20,00 $",SAC/11,UN/2LBS,11,,OUI,Canadawide,,,,3 mai 2024,
CELERI BABIA ENV 24 MX,Y0336,,MX,"  20,00  $ ",BOITE 20,UN,24,,OUI,Canadawide,,,,2 mai 2025,
Céleri BIO Earth Bound 30 ,Y0337,BIO,CA/MX,"32,50 $",BOITE,UN,30,,OUI,Canadawide,,,,29 févr. 2024,
CELERI COEURS OCEAN MIST 18X2 CA ,Y0338,,CA,"  29,75  $ ",,UN,18,#REF!,OUI,Canadawide,,,,16 févr. 2026,
CELERI DOLE  24 EU,Y0341,,EU,"34,75 $",BOITE 24,UN,24,,OUI,Canadawide,,,,17 déc. 2024,
CELERI DOLE ENV 30 EU,Y0342,,EU,"  27,75  $ ",BOITE 30,UN,30,,OUI,Canadawide,,,,9 mars 2025,
CELERI EARTHBOUND ENV 24 CA/MX ,Y0343,,,"  89,50  $ ",,,,,OUI,Canadawide,,,,8 mai 2024,
CELERI ENV 30 MX,Y0344,,MX,"  22,75  $ ",BOITE 30,UN,30,,OUI,Canadawide,,,,29 avr. 2025,
CELERI FOXY ENV 30 CA/MX ,Y0345,,MX,"45,75 $",30XBOITE,UN,30,,OUI,Canadawide,,,,18 nov. 2025,
CELERI OCEAN MIST ENV 24 CA,Y0347,,CA,"36,50 $",BOITE/24,UN,24,,OUI,Canadawide,,,,2 juin 2025,
CELERI OCEAN MIST ENV 30 CA,Y0348,,CA,"36,50 $",BOITE/30,UN,30,,OUI,Canadawide,,,,2 juin 2025,
CELERI RAVE LAKESIDE 25LBS CA ,Y0349,,,"  59,50  $ ",,,,,OUI,Canadawide,,,,8 mai 2024,
CELERI RGR ENV 30 QC,Y0350,,QC,"20,00 $",BOITE/30,UN,30,,OUI,Canadawide,,,,11 octobre 2024,
CELERI RIENDEAU ENV 24 QC,Y0351,,QC,"26,50 $",BOITE 24,UN,24,,OUI,Canadawide,,,,14 oct. 2025,
CELERI RIENDEAU ENV 30 QC,Y0352,,QC,"20,00 $",BOITE 30,UN,30,,OUI,Canadawide,,,,5 août 2025,
CELERI SONORA SUN ENV 30 MX ,Y0353,,,"  89,50  $ ",,,,,OUI,Canadawide,,,,8 mai 2024,
CELERI T&A 24 CA,Y0354,,,"46,50 $",,,,,OUI,Canadawide,,,,9 mai 2024,
CELERI T&A ENV 24 CA,Y0355,,CA,"82,75 $",,UN,24,,OUI,Canadawide,,,,16 févr. 2026,
CELERI VAES ENV 30 QC,Y0356,,QC,"21,00 $",BOITE 30,UN,30,,OUI,Canadawide,,,,3 oct. 2025,
CHAMP (BIO) SHITAKE NEBO 12X150GR,Y0359,BIO,,"45,00 $",12X150GR,150GR,12,,OUI,Canadawide,,,,20 avr. 2025,
CHAMP.  (BIO) BLANC ELITE 12X8OZ,Y0360,BIO,ON,"22,50 $",BOITE/12,UN,12,,OUI,Canadawide,,,,16 février 2026,
CHAMP. (BIO) BLANC 5 LBS #1,Y0361,BIO,ON,"17,50 $",lbs,LBS,5,,OUI,Canadawide,,,,19 mars 2024,
CHAMP. (BIO) BLANC 5LBS #1,Y0362,,,"  17,50  $ ",,,,,OUI,Canadawide,,,,8 mai 2024,
CHAMP. (BIO) ENOKI ENVIRO 22X150GR ON,Y0364,BIO,ON,"81,50 $",,,,#REF!,OUI,Canadawide,,,,9 mai 2024,
CHAMP. (BIO) KING OYSTER BEBE ENVIRO 24X17...,Y0365,BIO,,"86,50 $",,,,,OUI,Canadawide,,,,7 mai 2024,
CHAMP. (BIO) KING OYSTER ENVIRO 3LBS ON,Y0366,BIO,ON,"32,50 $",3 LBS,LBS,3,,OUI,Canadawide,,,,2 mars 2025,
CHAMP. (BIO) KING OYSTER MINI 3LBS ON,Y0367,BIO,ON,"29,50 $",LBS,LBS,3,,OUI,Canadawide,,,,25 avr. 2025,
CHAMP. (BIO) KING OYSTER MINI ENVIRO 24X17...,Y0368,BIO,,"94,50 $",,,,,OUI,Canadawide,,,,9 mai 2024,
CHAMP. (BIO) PLEUROTE JAUNE NEBO 8X150GR ON,Y0372,BIO,ON,"24,00 $",8X150GR,150GR,8,,OUI,Canadawide,,,,8 avr. 2025,
CHAMP. (BIO) PLEUROTE NOIR NEBO 8X200GR ON,Y0373,BIO,ON,"22,50 $",8X200GR,200GR,8,,OUI,Canadawide,,,,8 avr. 2025,
"CHAMP.(BIO) LION'S MANE 6X5,3OZ",Y0403,BIO,ON,"  35,50  $ ","6X5,3OZ (150GR)",150GR,6,,OUI,Canadawide,,,,25 mars 2025,
CHAMPIGNON BLANC #1 5LBS,Y0407,,ON,"15,50 $",BOITE 5LBS,LBS,5,,OUI,Canadawide,,,,14 janv. 2025,
CHAMPIGNON BLANC BOUTONS 5 LBS #1,Y0409,,ON,"14,50 $",BOITE 5LBS,LBS,5,,OUI,Canadawide,,,,11 mars 2025,
CHAMPIGNON BLANC BOUTONS 5 lbs #2,Y0410,,ON,"12,50 $",BOITE 5LBS,LBS,5,,OUI,Canadawide,,,,11 mars 2025,
CHAMPIGNON BLANC JUMBO 8X16oz ON,Y0415,,,"  18,00  $ ",,,,,OUI,Canadawide,,,,16 mars 2025,
CHAMPIGNON CAFE CELLO PEETERS 12X8oz,Y0420,,ON,"18,50 $",BOITE 5LBS,LBS,5,,OUI,Canadawide,,,,24 sept. 2024,
CHAMPIGNON PLEUROTE 2LBS,Y0423,BIO,ON,"13,50 $",2LBS,LBS,2,,OUI,Canadawide,,,,12 août 2025,
CHAMPIGNON PLEUROTE 8X200GR QC,Y0424,BIO,ON,"13,00 $",2LBS,LBS,2,,OUI,Canadawide,,,,9 mars 2025,
CHAMPIGNON PLEUROTE BERTRAND 6X250GR QC,Y0425,,QC,"19,50 $",8x250GR,250grams,8,,OUI,Canadawide,,,,25 avr. 2024,
Champignon Portobello 3lbs,Y0431,BIO,QC,"21,00 $",10X170GR,UN,10,,OUI,Canadawide,,,,15 mars 2024,
CHAMPIGNON PORTOBELLO 6X340GR ON,Y0432,BIO,ON,"12,00 $",BOITE,LBS,3,,OUI,Canadawide,,,,11 mars 2024,
CHAMPIGNON PORTOBELLO BTE OUVERT 5LBS,Y0433,,ON,"19,50 $",BOITE 5LBS,LBS,5,,OUI,Canadawide,,,,23 décembre 2025,
CHAMPIGNON PORTOBELLO CAPS 8X170GR,Y0434,BIO,ON,"19,50 $",BOITE,LBS,5,,OUI,Canadawide,,,,11 février 2025,
CHAMPIGNON SHITAKE 3LBS MEDIUM,Y0449,BIO,ON,"22,50 $",3LBS,LBS,3,,OUI,Canadawide,,,,24 févr. 2026,
CHAMPIGNON SHITAKE CE. 12X113GR,Y0450,BIO,ON,"22,50 $",BOITE,LBS,3,,OUI,Canadawide,,,,2 mars 2025,
CHAYOTES TURBANA,Y0451,BIO,,"38,50 $",12x113gr,UN,12,,OUI,Canadawide,,,,6 mars 2024,
CHOP SUEY BOITE 30LBS QC - STIFF,Y0456, ,QC,"22,50 $","BOITE/30LBS/13,590 GR",KG,"13,59",,OUI,Canadawide,,,,13 janv. 2026,
CHOP SUEY MC/HC BTE 28LBS - STIFF,Y0457,,QC,"21,50 $",BOITE/30LBS,LBS,30,,OUI,Canadawide,,,,18 févr. 2024,
CHOP SUEY MC/HC BTE 28LBS STIFF,Y0458,,QC,"22,50 $",BOITE/28lbs,LBS,28,,OUI,Canadawide,,,,3 mai 2024,
CHOU (BIO) ROUGE LAKESIDE 45LBS CA,Y0460,BIO,CA,"  45,50  $ ",BOITE 45 LBS,UN,23,,OUI,Canadawide,,,,7 janvier 2025,
CHOU BRUXELLE BTE NOIRE 11.5 KG FR,Y0467,,FR,"66,75 $",25 LBS,LBS,25,,OUI,Canadawide,,,,20 janv. 2026,
CHOU BRUXELLE IDEAL HARBEST 2..,Y0468,BIO,MX,"23,50 $",BOITE-12,454gr,12,,OUI,Canadawide,,,,9 avr. 2024,
CHOU BRUXELLE Q.VICTORIA 25LBS CA,Y0469, ,MX,"34,50 $",BOITE-25 LBS,LBS,25,,OUI,Canadawide,,,,11 avr. 2024,
CHOU PLAT BOITE EU,Y0470,,CA,"49,50 $",BOITE 25LBS,LBS,25,,OUI,Canadawide,,,,31 déc. 2024,
CHOU ROUGE GR BTE QC,Y0471,,QC,"19,75 $",BOITE DE 15 VERIFIÉE,UN,15,,OUI,Canadawide,,,,16 déc. 2025,
CHOU SAVOIE QC,Y0472,,QC,"22,50 $",BOITE/35LBS,LBS,35,,OUI,Canadawide,,,,25 nov. 2025,
CHOU VERT BTE QC,Y0473,,QC,"21,00 $",BOITE/?,LBS,35,,OUI,Canadawide,,,,24 sept. 2024,
CHOU VERT LAKESIDE 45LBS CA,Y0474,,QC,"22,50 $",BOITE/35LBS VERIFIER,LBS,35,,OUI,Canadawide,,,,10 décembre 2024,
CHOU VERT SAC QC 50LBS 9 UN,Y0476,,QC,"13,25 $",9,UN,9,,OUI,Canadawide,,,,24 févr. 2026,
CHOUX BRUXELLE (BIO) #FRESCADEL 12X454GR,Y0477,,QC,"21,50 $",8 À 9,LBS,50,,OUI,Canadawide,,,,7 janvier 2025,
CHOUX BRUXELLE 25LBS MED QC,Y0483,,QC,"62,75 $",BOITE 25LBS,LBS,25,,OUI,Canadawide,,,,14 oct. 2025,
CHOUX BRUXELLE ALTAR 25LBS MX,Y0484,,MX,"43,00 $",BOITE 25 LBS,LBS,25,,OUI,Canadawide,,,,3 juin 2025,
CHOUX BRUXELLE BTE. PLASTIQUE 25LBS MX,Y0485,,QC,"33,75 $",BOITE 25 LBS,UN,25,,OUI,Canadawide,,,,18 oct. 2024,
CHOUX BRUXELLE SANS GALCE 25LBS NL,Y0487,,NL,"61,75 $",25LBS,LBS,25,,OUI,Canadawide,,,,6 janv. 2026,
CHOUX-FLEUR (BIO) BONIPAK 12 CA,Y0488,,MX,"32,50 $",25LBS,LBS,25,,OUI,Canadawide,,,,9 mars 2025,
CHOUX-FLEUR (BIO) EARTHBOUND 12 CA,Y0490,BIO,,"16,50 $",BOITE/12,UN,12,,OUI,Canadawide,,,,à vérifier,
Choux-Fleur (Bio) Foxy Env 12 MX,Y0491,BIO,CA,"24,50 $",BOITE/12,UN,12,,OUI,Canadawide,,,,12 nov. 2024,
CHOUX-FLEUR (BIO) FOXY ENV 9 CA,Y0492,BIO,MX,"39,50 $",BOITE,UN,12,,OUI,Canadawide,,,,19 mars 2024,
CHOUX-FLEUR (BIO) FOXY JBO 12 CA,Y0493,BIO,CA,"24,50 $",BOITE 12,UN,12,,OUI,Canadawide,,,,6 janv. 2026,
CHOUX-FLEUR (BIO) ROMANESCO LAKESID... ,Y0496,BIO,CA,"49,50 $",BOITE,UN,9,,OUI,Canadawide,,,,24 avr. 2024,
CHOUX-FLEUR (BIO) ROMANESCO LAKESIDE 12...,Y0497,BIO,CA,"24,50 $",BOITE/12,UN,12,,OUI,Canadawide,,,,21 juin 2024,
CHOUX-FLEUR 12 MX,Y0498, ,MX,"26,75 $",12UN,UN,12,,OUI,Canadawide,,,,8 avr. 2025,
CHOUX-FLEUR 12 QC,Y0499, ,QC,"25,75 $",12UN,UN,12,,OUI,Canadawide,,,,21 oct. 2025,
CHOUX-FLEUR BONIPAK 12 CA,Y0500, ,QC,"20,75 $",BOITE/12,UN,12,,OUI,Canadawide,,,,29 oct. 2024,
CHOUX-FLEUR DANDY 12 CA,Y0501,,CA,"24,75 $",BOITE 12,UN,12,,OUI,Canadawide,,,,27 janv. 2026,
CHOUX-FLEUR EARTHBOUND 12 CA ,Y0502,,MX,"22,75 $",BOITE/12,UN,12,,OUI,Canadawide,,,,11 mars 2025,
CHOUX-FLEUR MAUVE ST.CARLOS 12 MX,Y0503,,MX,"15,75 $",BOITE/12,UN,12,#REF!,OUI,Canadawide,,,,2 mars 2025,
CHOUX-FLEUR PAMPAK 12 CA,Y0507,,CA,"44,75 $",BOITE 12,UN,12,,OUI,Canadawide,,,,27 janv. 2026,
CHOUX-FLEUR ROMANESCO 16 MX,Y0508,,QC,"30,50 $",BOITE/12,UN,12,,OUI,Canadawide,,,,24 sept. 2024,
CHOUX-FLEUR T&A 12 CA,Y0511, ,CA,"32,50 $",BOITE/12,UN,12,,OUI,Canadawide,,,,8 juin 2025,
CITRON (BIO) #FRESCADEL 16X454GR,Y0514,,,"  37,50  $ ",16X454GR,454GR,16,,OUI,Canadawide,,,,11 mai 2025,
CITRON (BIO) GOOD LIFE 115 CA,Y0515,,MX,"  29,50  $ ",16X454GR (16X4),UN,64,,OUI,Canadawide,,,,31 déc. 2024,
CITRON FANCY ZAMORA 125 AR,Y0523,,AR,"49,50 $",BOITE 125,UN,125,,OUI,Canadawide,,,,20 mai 2025,
CITRON UNIFRUTTI 100 ZA,Y0545,,ZA,"39,50 $",BOITE 100,UN,100,,OUI,Canadawide,,,,20 mai 2025,
CITRON UNIFRUTTI 113 ZA,Y0546,,ZA,"35,50 $",BOITE 113,UN,113,,OUI,Canadawide,,,,20 mai 2025,
CLEM.AVEC FLLE FRUBANA 10KG 1X/1 ES,Y0557,,ES,"40,50 $",BOITE 120?,UN,120,,OUI,Canadawide,,,,31 déc. 2024,
CLEM.AVEC FLLE FRUBANA 10KG 2 ES,Y0558,,ES,"44,50 $",BOITE ?,LBS,22,,OUI,Canadawide,,,,14 nov. 2024,
CLEM.AVEC FLLE GRANDE 10KG 2 ES 80,Y0561,,ES,"38,58 $",10KG 110 ?,UN,110,,OUI,Canadawide,,,,14 janv. 2025,
CLEM.AVEC FLLE GRANDE BTE.ROUGE 10KG 1X/1 ES 75,Y0562,,SE ,"37,50 $",10KG 80 ?,UN,80,,OUI,Canadawide,,,,14 janv. 2025,
CLEM.AVEC FLLE KIRA 7KG 1X/1 ES,Y0563,,ES,"29,50 $",7KG,LBS,"15,4",,OUI,Canadawide,,,,9 déc. 2025,Achou
CLEM.AVEC FLLE LLONA 10KG 1X/1 ES,Y0564,,ES,"41,50 $",10KG 75,UN,75,,OUI,Canadawide,,,,18 févr. 2024,
CLEM.AVEC FLLE LLONA 10KG 2 ES  110,Y0565,,ES,"39,50 $",10KG 110,UN,110,,OUI,Canadawide,,,,9 déc. 2025,Achou
CLEM.AVEC FLLE LLONA 2.3KG ES,Y0566,,,"46,50 $",10KG 80,UN,80,,OUI,Canadawide,,,,14 janv. 2025,
CLEMENTINE AVEC FLLE LLONA 7KG 1X/1 ES,Y0593,,ES,"34,50 $",7.5KG,KG,"7,5",,OUI,Canadawide,,,,20 nov. 2024,
CLEMENTINE BOITE VERT 15KG 1 AR,Y0594,,AR,"36,00 $",BOITE 15KG,LBS,33,,OUI,Canadawide,,,,22 juill. 2025,
CLEMENTINE CITRUS FRUIT 17KG 1 MA,Y0595,,MA,"44,50 $",BOITE 17KG,LBS,"37,4",,OUI,Canadawide,,,,16 déc. 2025,
Clémentine Frescadel 15x2lbs,Y0596,,ES,"66,50 $",7KG,KG,7,,OUI,Canadawide,,,,22 oct. 2024,
CLEMENTINE MAROC BTE.NOIR 15KG 1 MA,Y0597,,MA,"29,50 $",15x2lbs,,30,,OUI,Canadawide,,,,29 févr. 2024,
CLEMENTINE NADORCOTT BOITE BLEU 17KG 1 MA,Y0607,,MA,"46,50 $",17KG 1/125,UN,125,,OUI,Canadawide,,,,15 avr. 2025,
CLEMENTINE NADORCOTT BOITE BLEU 17KG 2 MA,Y0608,,MA,"46,50 $",17 KG ??,UN,184,,OUI,canadawide,,,,31 mars 2025,
CLEMENTINE NADORCOTT BOITE NOIR 15KG-1 ***,Y0609,,MA,"45,50 $",17KG / 180,UN,180,,OUI,Canadawide,,,,25 févr. 2025,
CLEMENTINE NADORCOTT BOITE NOIR 15KG-2... NEW,Y0614,,MA,"39,50 $",BOITE 15KG-33LBS,LBS,33,,OUI,Canadawide,,,,16 avr. 2024,
CLEMENTINE NADORCOTT LOVELY 1.8KG 14/16-,Y0616,,MA,"35,50 $",BOITE 15KG-204,LBS,204,,OUI,Canadawide,,,,19 avr. 2024,
CLEMENTINE ORRI 15KG 1,Y0632,,MA,"49,50 $",15KG,KG,15,,OUI,Canadawide,,,,24 févr. 2026,
CLEMENTINE TANGO AFR.VALLEY 15KG 2 ZA,Y0641,,ZA,"33,50 $",33LBS,LBS,33,,OUI,Canadawide,,,,21 oct. 2025,
CLEMENTINE TANGO FRUITONE 15KG 1 ZA,Y0642,,AR,"36,50 $",15KG/33LBS,LBS,33,,OUI,Canadawide,,,,3 oct. 2025,
CLÉMENTINES NADORCOTT 16KG,Y0644,,MA,"49,50 $",LBS/16 kg,UN,120,,OUI,Canadawide,,,,16 février 2026,
Clémentines Nadordot BOITE BLEU 15KG 1/1X  120un,Y0645,,MA,"29,50 $",LBS/15kg,LBS,33,,OUI,Canadawide,,,,10 févr. 2024,
Clémentines Nadordot Lovely 10KG,Y0646,,MA,"39,50 $",LBS/15kg,UN,116,,OUI,Canadawide,,,,8 mars 2024,
COCO SAC BEIGE 40CT DR NOPAL,Y0647,,MA,"27,50 $",LBS/10kg,LBS,22,,OUI,Canadawide,,,,8 mars 2024,
CONCOMBRE (BIO) ANGLAIS SUNSET MED ON,Y0658,BIO,QC,"14,00 $",BOITE/12,UN,12,#REF!,OUI,Canadawide,,,,25 avr. 2024,
CONCOMBRE (BIO) ANGLAIS VEG 1 1/9 MX,Y0659,BIO,QC,"16,50 $",BOITE 25,UN,25,,OUI,Canadawide,,,,16 déc. 2025,
CONCOMBRE ANGLAIS BOUNTIFUL 1 1/9 MX 50 PAR BOITE?,Y0662,,MX,"27,75 $",BOITE 1 1/9,UN,50,,OUI,Canadawide,,,,13 janv. 2026,
CONCOMBRE ANGLAIS DEL FRESCO PETIT 12 ON,Y0663,,ON,"19,50 $",BOITE 12,UN,12,,OUI,Canadawide,,,,2 septembre 2025,
CONCOMBRE ANGLAIS GEN V 12 QC ,Y0664,,MX,"23,50 $",BOITE 15KG/32,UN,32,,OUI,Canadawide,,,,14 janv. 2025,
CONCOMBRE ANGLAIS LRG 12 ON,Y0665,,QC,"21,00 $",BOITE 12,UN,12,,OUI,Canadawide,,,,24 févr. 2026,
CONCOMBRE ANGLAIS MED 12 ON,Y0666,,ON,"19,75 $",BOITE 12,UN,12,,OUI,Canadawide,,,,24 févr. 2026,
CONCOMBRE ANGLAIS NOTARO LRG 12 QC,Y0668,,QC,"5,75 $",BOITE 12,UN,12,,OUI,Canadawide,,,,8 mai 2025,
CONCOMBRE ANGLAIS NOTARO MED 12 QC,Y0669,,QC,"11,75 $",BOITE 12,UN,12,,OUI,Canadawide,,,,2 décembre 2025,
CONCOMBRE ANGLAIS PURE FLAVOR LG 12 ON,Y0670,,ON,"5,00 $",BOITE 12,UN,12,,OUI,Canadawide,,,,16 mars 2025,
CONCOMBRE ANGLAIS SUNSET 24 ON,Y0672,,ON,"12,50 $",24UN,UN,24,,OUI,Canadawide,,,,7 oct. 2025,
CONCOMBRE ANGLAIS SUNSET 8X3,Y0673, ,ON,"13,50 $",BOITE 24,UN,24,,OUI,Canadawide,,,,16 déc. 2025,
CONCOMBRE ANGLAIS SUNSET MED 6 ON,Y0676,,ON,"6,50 $",12XBOITE,UN,12,,OUI,Canadawide,,,,5 avr. 2024,
CONCOMBRE ANGLAIS SUNSET PETIT 12 ON,Y0678,,ON,"  5,75  $ ",BOITE 12,UN,12,,OUI,Canadawide,,,,4 déc. 2025,
CONCOMBRE ANGLAIS TOUNDRA MED 12 QC,Y0680, ,QC,"13,50 $",BOITE 12,UN,12,,OUI,Canadawide,,,,18 nov. 2025,
CONCOMBRE ANGLAIS TOUNDRA MOYEN 24 QC,Y0681, ,QC,"21,00 $",BOITE 24,UN,24,,OUI,Canadawide,,,,16 septembre 2025,
CONCOMBRE ANLAIS MED 12 ON,Y0682,,QC,"10,00 $",BOITE/12,UN,12,,OUI,Canadawide,,,,11 février 2025,
CONCOMBRE COCKTAIL PURE FLAVOR 12X1LBS ON,Y0683,,ON,"8,75 $",BOITE/12,UN,12,,OUI,Canadawide,,,,7 avr. 2025,
CONCOMBRE DE CHAMPS SUNFED 1,Y0684,,ON,"13,50 $",BOITE 12,UN,12,,OUI,Canadawide,,,,13 déc. 2024,
CONCOMBRE LIBANAIS AT.FRESH 12X6,Y0690,,ON,"18,50 $",BOITE 20 LBS,LBS,20,,OUI,Canadawide,,,,25 févr. 2025,
CONCOMBRE LIBANAIS COOL CUKE 20LBS ON,Y0691,,ON,"36,00 $",20LBS,LBS,20,,OUI,Canadawide,,,,22 juill. 2025,
CONCOMBRE LIBANAIS COOL CUKE CELLO 12X1,Y0692,,ON,"19,50 $",12X1(6),6,12,,OUI,Canadawide,,,,22 juill. 2025,
CONCOMBRE LIBANAIS MUCCI 12X1,Y0693,,ON,"25,50 $",12X6UN,6UN,12,,OUI,Canadawide,,,,25 nov. 2025,
CONCOMBRE LIBANAIS MUCCI 12X1 ON,Y0694,,ON,"25,50 $",12X6 OU 12X1LB,UN,12,,OUI,Canadawide,,,,8 mai 2024,
CONCOMBRE LIBANAIS NAT. FRESH 12X1 ON,Y0696,,ON,"18,50 $",12X1LBS,1LBS,12,,OUI,Canadawide,,,,15 avr. 2025,
CONCOMBRE LIBANAIS NAT. FRESH 12X6,Y0697,,ON,"11,00 $",12X6,UN,12,,OUI,Canadawide,,,,2 juin 2025,
CONCOMBRE LIBANAIS NAT. FRESH 12X6UN ON,Y0698,,ON,"9,50 $",12X6UN,6UN,12,,OUI,Canadawide,,,,20 mai 2025,
CONCOMBRE LIBANAIS NOTARO 12X6 QC,Y0699,,QC,"24,00 $",12X6UN,6UN,12,,OUI,Canadawide,,,,12 août 2025,
CONCOMBRE LIBANAIS PURE FLAVOR 12X1 ON,Y0700,,CA,"16,00 $",12X1LBS,1LBS,12,,OUI,Canadawide,,,,15 avr. 2025,
CONCOMBRE LIBANAIS QUKES SUNSET 15X9OZ ON,Y0701,,ON,"10,50 $",BOITE 15,UN,15,,OUI,Canadawide,,,,17 juin 2025,
CONCOMBRE LIBANAIS SUNSET 12X1 ON,Y0702,,ON,"9,50 $",12x1LBS,1LBS,12,,OUI,Canadawide,,,,17 juin 2025,
CONCOMBRE LIBANAIS TWO-BITE SUNSET 10X1..,Y0707,,QC,"19,50 $",VERIFIER,LBS,15,,OUI,Canadawide,,,,17 décembre 2024,
CONCOMBRE MINI GEN V 12X6MCX,Y0710,,MX,"  16,00  $ ",12X6UN,6UN,6,,OUI,Canadawide,,,,16 mai 2024,
CONCOMBRE SUPER EU,Y0716,,QC,"23,75 $",BOITE 25LBS,LBS,25,,OUI,Canadawide,,,,15 oct. 2024,
CONCOMBRE SUPER SELECT G.ROY 24 CT QC,Y0718,,QC,"13,75 $",2DZ,UN,24,,OUI,Canadawide,,,,2 juill. 2024,
CONCOMBRE WOKA PURE FLAVOR 8X3 ON,Y0719, ,ON,"16,00 $",BOITE 8X3,3UN,8,,OUI,Canadawide,,,,23 septembre 2025,
Concombres Libanais Notaro/Toundra 12x6 QC,Y0720,,QC,"14,75 $",,UN,25,,OUI,Canadawide,,,,,
COURGE (BIO) SPAGHETTI IDEAL 35LBS MX,Y0728,BIO,,"49,50 $",35 LBS-24UN,UN,24,,OUI,Canadawide,,,,9 mai 2024,
COURGE (BIO) SPAGHETTIIDEAL 35LBS MX,Y0732,BIO,,"49,50 $",BOITE 35 LBS,LBS,35,,OUI,Canadawide,,,,9 avr. 2024,
COURGE ACORN VERT MX POIVRÉ,Y0733,,MX,"24,50 $",BOITE 15,UN,15,,OUI,Canadawide,,,,8 avr. 2025,
COURGE BUTTERCUP HN,Y0734,,MX,"37,00 $",BOITE/35LBS/12UN,UN,12,,OUI,Canadawide,,,,11 février 2025,
COURGE BUTTERCUP MX (KABOCHE),Y0735,,MX,"28,50 $",12UNITÉS,UN,12,,OUI,Canadawide,,,,23 décembre 2025,
COURGE BUTTERNUT HN,Y0737,,QC,"27,50 $",BOITE/35LBS/14 EXTRALARGE,UN,14,,OUI,Canadawide,,,,13 mai 2025,
COURGE BUTTERNUT MX FORMAT MOYEN 16UN,Y0738,,HN,"23,50 $",9-11 UNITES,UN,12,,OUI,Canadawide,,,,12 avr. 2024,
COURGE BUTTERNUT QC,Y0739,,MX,"23,50 $",LARGE /10,UN,10,,OUI,Canadawide,,,,2 décembre 2025,
COURGE BUTTERNUT RICO FARMS,Y0740,,QC,"25,50 $",BOITE/35LBS/10UN VÉRIFIER,UN,10,,OUI,Canadawide,,,,14 nov. 2024,
COURGE BUTTERNUT RICO FARMS 3... ,Y0742,,MX,"49,50 $",BOITE/3LBS,LBS,35,,OUI,Canadawide,,,,9 avr. 2024,
COURGE KABOCHA GREENPOINT 35LBS - 10 MX,Y0745,,QC,"30,00 $",BOITE/35LBS/10UN VÉRIFIER,UN,10,,OUI,Canadawide,,,,8 oct. 2024,
COURGE KABOCHA IDEAL 35LBS MX ,Y0746,,FL,"24,50 $",10 PAR BOITE,UN,10,,OUI,Canadawide,,,,17 décembre 2024,
COURGE POIVRE ,Y0750,,,"32,50 $",APROX 13,UN,13,,OUI,Canadawide,,,,25 nov. 2025,
COURGE POIVRE RICO FARMS 35LBS,Y0751,,QC,"20,00 $",BOITE/35LBS/10UN VÉRIFIER,UN,10,,OUI,Canadawide,,,,8 oct. 2024,
COURGE SPAGHETTI GREENPOINT MX,Y0754,,MX,"30,50 $",16UN,UN,16,,OUI,Canadawide,,,,2 juin 2025,
COURGE SPAGHETTI RICO FARMS 35..,Y0758,,MX,"29,75 $",30LBS/16,UN,16,,OUI,Canadawide,,,,2 mars 2025,
COURGE SPAGUETTI QC,Y0763,,QC,"20,00 $",BOITE/35LBS/11UN VÉRIFIER,UN,11,,OUI,Canadawide,,,,9 déc. 2025,
Credit à facturer,Y0764,,QC,"20,00 $",BOITE/35LBS/10UN VÉRIFIER,UN,10,,OUI,Canadawide,,,,12 nov. 2024,
CRESSON B&W 12,Y0765,,,"1,75 $",un,UN,1,,OUI,Canadawide,,,,15 mars 2024,
CRESSON B&W 24,Y0766,,MX,"19,00 $",BOITE 12 PACKS,UN,12,,OUI,Canadawide,,,,24 sept. 2024,
CRESSON B&W CELLO 6 FL,Y0767,,MX,"28,50 $",BOITE 24 PACKS,UN,24,,OUI,Canadawide,,,,24 sept. 2024,
CROUTONS CESAR F.GOURMET 9X12... ,Y0769,,FL,"24,00 $",2X1.5LBS,LBS,3,,OUI,Canadawide,,,,9 avr. 2024,
CURCUMA (BIO) #FRESCADEL 12X85GR,Y0772,,,"17,50 $",boite 12,un,12,,OUI,Canadawide,,,,20 avr. 2025,
CURCUMA (BIO) RACINE 15LBS PE,Y0773,BIO,PE,"17,50 $",12X85GR,85GR,12,,OUI,Canadawide,,,,14 janv. 2025,
CURCUMA (BIO) RACINE 9KG PE,Y0774,BIO,PE,"45,50 $",15 LBS,LBS,15,,OUI,Canadawide,,,,14 janv. 2025,
DANDELION (BIO) ROUGE LAKESIDE 12 CA,Y0783,BIO,CA,"45,50 $",LBS,LBS,35,,OUI,Canadawide,,,,21 juin 2024,
DANDELION VERT 12 QC,Y0788,,QC,"21,50 $",BOITE/12,UN,12,,OUI,Canadawide,,,,8 mai 2024,
DANDELION VERT BKR 24 EU,Y0789,,QC,"24,00 $",BOITE/12,UN,12,,OUI,Canadawide,,,,24 sept. 2024,
DATTES (BIO) MAZAFATI 12X400GR IR,Y0794,BIO,IR,"49,50 $",400g,400grams,12,,OUI,Canadawide,,,,17 mai 2024,
DATTES (BIO) NOUR 12X500GR TN,Y0795,BIO,IR,"  49,50  $ ",12X500GR,500GR,12,,OUI,Canadawide,,,,25 mars 2025,
DATTES MEDJOOL BARD VALLEY PREMIUM 5KG,Y0796,BIO,TN,"44,50 $",250g,250grams,24,#REF!,OUI,Canadawide,,,,19 mars 2024,
ECHALOTE BLANC VAES 3DZ QC,Y0804,,QC,"34,50 $",3DZ,UN,36,,OUI,Canadawide,,,,2 juin 2025,
ECHALOTE FRAIS  VAES 4DZ QC,Y0805,,QC,"  20,00  $ ",4DZ,UN,48,,OUI,Canadawide,,,,14 oct. 2025,
ECHALOTE FRAIS 1DZ QC,Y0806,,QC,"7,00 $",1DZ,UN,12,,OUI,Canadawide,,,,17 juin 2025,
ECHALOTE FRAIS DZ QC,Y0807,,MX,"21,50 $",4DZ,UN,48,,OUI,Canadawide,,,,25 févr. 2025,
ECHALOTE FRAIS O.KING 4DZ MX,Y0816,,MX,"16,00 $",4X12,UN,48,,OUI,Canadawide,,,,27 mai 2025,
ECHALOTE FRAIS O.KING 4DZ MX MURANAKA 2X2...,Y0817,,MX,"20,00 $",4DZ,UN,48,,OUI,Canadawide,,,,10 déc. 2024,
ECHALOTE FRAIS SANS GLACE MURANAKA 2X2...,Y0822,,MX,"34,50 $",4DZ,UN,48,,OUI,Canadawide,,,,19 avr. 2024,
ECHALOTE SANS GLACE BAJA 4DZ MX,Y0823,,QC,"37,00 $",4DZ-48,UN,48,,OUI,Canadawide,,,,18 nov. 2025,
ECHALOTE SANS GLACE MURANAKA 4DZ MX,Y0824,,MX,"16,00 $",4DZ,UN,48,,OUI,Canadawide,,,,13 déc. 2024,
ECHALOTE SANS GLACE NOVA 2X24 MX,Y0825,,QC,"  18,00  $ ",4DZ-48,UN,48,,OUI,Canadawide,,,,25 mars 2025,
ECHALOTE SANS GLACE VAES 4DZ QC,Y0826,,QC,"24,50 $",4DZ/48,UN,48,,OUI,Canadawide,,,,29 juill. 2025,
ECHALOTE SECHE 10LBS,Y0827,,QC,"18,00 $",10 LBS,LBS,10,,OUI,Canadawide,,,,12 août 2025,
Echalotte frais dz QC,Y0838,,QC,"  29,50  $ ",3DZ,UN,36,,OUI,Canadawide,,,,4 juin 2024,
ECHALOTTE SANS GLACE ALTAR 4DZ MX,Y0839,,QC,"8,00 $",12 paquet,UN,12,,OUI,Canadawide,,,,14 mars 2024,
ECHALOTTE SANS GLACE NOVA 2X24 MX,Y0840,,MX,"29,50 $",4DZ,UN,48,,OUI,Canadawide,,,,10 janvier 2025,
ECHALOTTE SANS GLACE O.KING 4DZ MX,Y0841,,MX,"24,50 $",2X24,UN,48,,OUI,Canadawide,,,,25 avril 2025,
ENDIVE #FRESCADEL,Y0842,,MX,"33,00 $",4DZ,UN,48,,OUI,Canadawide,,,,7 janvier 2025,
ENDIVE BELGIQUE 10LBS ROUGE 3KG NL,Y0845,,BE,"44,75 $",10LBS,LBS,10,,OUI,Canadawide,,,,11 mars 2025,
"ENDIVE BELGIQUE BELAORTA 4,5KG BE",Y0846,,BE,"36,00 $",BOITE 10LBS,LBS,10,,OUI,Canadawide,,,,25 avr. 2025,
EPINARD (BIO) BEBE JAG,Y0850,BIO,EU,"43,00 $",BOITE/4X2.5LBS,LBS,10,,OUI,Canadawide,,,,17 décembre 2024,
EPINARD BCH  2DZ QC,Y0853, ,QC,"28,50 $",2DZ,UN,24,,OUI,Canadawide,,,,14 oct. 2025,
EPINARD BUNCH NATURALLY ORG 2...,Y0859, ,CA,"23,50 $",BOITE/4X2.5LBS,LBS,10,,OUI,Canadawide,,,,19 avr. 2024,
EPINARD CELLO FRISCO 10oz,Y0861,,,"29,50 $",12x285grams,285gr,12,,OUI,Canadawide,,,,19 mars 2024,
FEVES (BIO) FAVA 10X370GR QC,Y0865,,,"0,00 $",0,0,0,,OUI,Canadawide,,,,XCORRIGER,
FEVES (BIO) VERT #FRESCADEL 12X340GR,Y0870,BIO,QC,"22,50 $",10X370gr,370gr,10,,OUI,Canadawide,,,,14 mars 2024,
FEVES (BIO) VERT SL 30 LBS MX,Y0872,BIO,MX,"  54,50  $ ",BOITE 30 LBS,LBS,30,,OUI,Canadawide,,,,20 janv. 2026,
FEVES FAVA CA,Y0873,BIO,MX,"49,50 $",25 LBS,LBS,25,,OUI,Canadawide,,,,27 déc. 2024,
FEVES JAUNE F.ROBERT 25LBS QC,Y0883,,QC,"27,75 $",25LBS,LBS,25,,OUI,Canadawide,,,,7 oct. 2025,
FEVES RUNNER 4KG MA,Y0884,,QC,"36,75 $",20LBS,LBS,20,,OUI,Canadawide,,,,2 juill. 2024,
FEVES VERT BTE.BOIS MATTAMUSKEET NC,Y0885,,NC,"22,75 $",BOITE 30LBS,LBS,30,,OUI,Canadawide,,,,2 juin 2025,
FEVES VERT DAN KING EU,Y0886,,EU,"27,00 $",,,,,OUI,Canadawide,,,,8 juin 2025,
FEVES VERT F.ROBERT 25LBS QC,Y0887,,QC,"38,75 $",25LBS,LBS,25,,OUI,Canadawide,,,,16 septembre 2025,
FEVES VERT SARKS EU,Y0888,,NC,"57,50 $",BOITE 26LBS,LBS,26,,OUI,Canadawide,,,,18 juin 2024,
FIGUES FRAIS 1/2 TRAY 16 BR,Y0889,,MX,"28,50 $",BOITE/25 LBS,LBS,25,#REF!,OUI,Canadawide,,,,18 févr. 2024,
FRAISE (BIO) DRISCOLL 8X1 CA/MX,Y0894,BIO,AHUNT,"1,40 $",125GR 5 À 10 TIGES,UN,1,,OUI,Canadawide,,JARDIN AU COURANT,,20 juin 2024,
FRAISE BELLA VITA 8X1 CA,Y0895,BIO,,"49,50 $",BOITE,8X1,8,,OUI,Canadawide,,,,9 avr. 2024,
FRAISE DRISCOLL 8X1 CA/MX,Y0896,,CA,"14,50 $",BOITE,8X1,8,,OUI,Canadawide,,,,3 mai 2024,
FRAISE DRISCOLL LE SWEET 8X14oz CA/MX,Y0900,,MX/CA,"18,50 $",BOITE,8X1,8,,OUI,Canadawide,,,,2 mai 2024,
FRAISE EXPO 8X1 MX,Y0901,,MX,"10,50 $",8X1,1LBS,8,,OUI,Canadawide,,,,16 mars 2025,
FRAISE QC PITRE 10X1LT,Y0906,,QC,"33,75 $",10X1LT,1LT,10,,OUI,Canadawide,,,,25 août 2025,
FRAISE QC PITRE 12X750,Y0907,,QC,"32,75 $",12X750ML,750ML,12,,OUI,Canadawide,,,,12 août 2025,
FRAISE QC PITRE 8X1.5L,Y0908,,QC,"29,50 $",BOITE 10X1LT,UN,10,,OUI,Canadawide,,,,24 sept. 2024,
FRAISE QC SAVOURA 10X541ML QC,Y0909,,QC,"23,50 $",BOITE 8X1LT,UN,8,,OUI,Canadawide,,,,24 sept. 2024,
FRAISE QC SAVOURA 12x7750ML QC,Y0910,,QC,"29,75 $",12X750ML,750ML,12,,OUI,Canadawide,,,,29 juill. 2025,
FRAMBOISE (BIO) DRISCOLL 12X6oz CA/MX,Y0911,,QC,"25,00 $",12x1,Casseau,12,,OUI,Canadawide,,,,07/06/2024,
GINGEMBRE (BIO) #FRESCADEL 12X85GR PE,Y0917,,PE,"17,50 $",12x85gr,UN,12,,OUI,Canadawide,,,,18 nov. 2025,
GINGEMBRE (BIO) 18LBS PE,Y0918,BIO,PE,"34,50 $",18 LBS,LBS,18,,OUI,Canadawide,,,,9 déc. 2025,
GINGEMBRE (BIO) 30LBS PE,Y0919,BIO,PE,"58,50 $",30 LBS,LBS,30,,OUI,Canadawide,,,,20 janv. 2026,
GINGEMBRE (BIO) 30LBS PE- PORTIONS DE 200GRAMMES,Y0920,BIO,PE,"0,86 $",30LBS / 200 GR,200GR,1,,OUI,Canadawide,,,,20 janv. 2026,
H.PLANTS (BIO) CONCOMBRE MIXTE POT BIO.DE..,Y0921,BIO,PE,"87,50 $",30LBS,LBS,30,,OUI,Canadawide,,,,14 janv. 2025,
Herbes (Bio) 6 paquets basilic thai,Y0930,BIO,,"9,00 $",paquets,,6,,OUI,Canadawide,,,,,
HERBES (BIO) ESTRAGON CLAM,Y0936,BIO,QC,"  13,50  $ ",CLAM X 6,UN,6,,OUI,Canadawide,,,,8 mai 2024,
HERBES BASILIC POT AQUAVERTI 8X1 QC,Y0950,,CL,"23,00 $",BOITE 12X42GR,42GR,12,,OUI,Canadawide,,,,16 avr. 2024,
HERBES CIBOULETTE 1LBS - STIFF,Y0956,,QC,"12,50 $",1 LBS,LBS,1,,OUI,Canadawide,,,,29 avr. 2025,
HERBES ESTRAGON 1 KILO - STIFF,Y0960,BIO,QC,"  9,00  $ ",6X?,UN,6,,OUI,Canadawide,,,,7 juin 2024,
HERBES MARJOLAINE 1KG,Y0964,BIO,QC,"  9,00  $ ",6X?,UN,6,,OUI,Canadawide,,,,7 juin 2024,
HERBES ORIGAN 1 KILO - STIFF,Y0970,,MA,"  22,50  $ ",3DZ,UN,36,,OUI,Canadawide,,,,8 mai 2024,
HONEY CRISP STEMILT 100... ,Y0982,BIO,QC,"  9,00  $ ",6X?,UN,6,,OUI,Canadawide,,,,7 JIN 2024,
JUS CITRON (BIO) SUNTREE 24X125ML ,Y0989,BIO,MX,"29,50 $",24X125ML,125ML,24,,OUI,Canadawide,,,,25 avr. 2025,
JUS LIME (BIO) SUNTREE 24X125ML ,Y0990,BIO,MX,"29,50 $",24X125ML,125ML,24,,OUI,Canadawide,,,,25 avr. 2025,
KALE (BIO) NOIR LAKESIDE 24 CA,Y0993,BIO,MX,"29,50 $",BOITE 24,UN,24,,OUI,Canadawide,,,,11 février 2025,
KALE (BIO) NOIR NATURALLY ORG 24 CA/MX,Y0994,BIO,CA,"29,50 $",BOITE 24,UN,24,,OUI,Canadawide,,,,15 oct. 2024,
KALE (BIO) VERT BOSKOVICH 24 MX,Y0998,BIO,CA,"24,50 $",24PAQUETS,,24,,OUI,Canadawide,,,,8 mars 2024,
KALE (BIO) VERT GLENORRA 24 QC,Y1000,BIO,CA,"39,50 $",BOITE 24UN,UN,24,,OUI,Canadawide,,,,26 juin 2024,
Kale (Bio) Vert Lakeside 24 CA,Y1001,BIO,QC,"24,00 $",BOITE 24UN,UN,24,,OUI,Canadawide,,,,30 juill. 2024,
KALE (BIO) VERT NATURALLY ORG 24 CA/MX,Y1002,BIO,CA,"24,50 $",24PAQUETS,,24,,OUI,Canadawide,,,,6 mars 2024,
KALE NOIR NATURALLY ORG 24 CA/. ,Y1004,,QC,"  25,00  $ ",BOITE/12,UN,12,,OUI,Canadawide,,,,15 oct. 2024,
KALE VERT 12 QC,Y1006,,QC,"23,50 $",BOITE 12,UN,12,,OUI,Canadawide,,,,9 septembre 2025,
KIWI VERT ANIFI 9KG VF-27 GR,Y1028,,,"55,50 $",10KG/80UN,UN,80,,OUI,Canadawide,,,,22 mai 2024,
KIWI VERT ANIFI 9KG VF-39 GR 80 GRAMS 112 KIWIS,Y1030,,GR,"42,75 $",9KG/112UN,UN,112,,OUI,Canadawide,,,,13 janv. 2026,
KIWI VERT CLAMSHELL #FRESCADEL 10X908GR,Y1031,,,"51,50 $",10KG/126UN,UN,125,,OUI,Canadawide,,,,22 mai 2024,
KIWI VERT SOFRUCCO VF-36 CL,Y1036,,CL,"  54,50  $ ",BOITE 105 ?,UN,105,,OUI,Canadawide,,,,10 juin 2025,
KIWI VERT TOP FRESH VF-25 9KG IT QTE APROX  110-125,Y1037,,IT,"49,75 $",APROX 110,UN,110,,OUI,Canadawide,,,,29 avr. 2025,
KIWI VERT TOP FRESH VF-30 9KG IT,Y1038,,IT,"49,75 $",9KG / 115/125,UN,115,,OUI,Canadawide,,,,16 mars 2025,
LA MILANAISE FARINE BLÉ ENTIER BIO,Y1040,BIO,QC,"1,82 $",11KG,KG,1,,OUI,COSTCO,,,,14 oct. 2024,
LA MILANAISE FARINE NON BLANCHIE BIO,Y1041,BIO,QC,"1,82 $",11KG,KG,1,,OUI,COSTCO,,,,14 oct. 2024,
LAITUE (BIO)  ROMAINE PUR DELYS 24 QC,Y1042,BIO,QC,"2,00 $",11KG,KG,1,,OUI,COSTCO,,,,14 oct. 2024,
LAITUE (BIO) BOSTON OCEANSIDE 24 CA,Y1043,BIO,CA,"32,50 $",24UN,UN,1,,OUI,Canadawide,, ,,24 sept. 2024,
LAITUE (BIO) CHICOREE LAKESIDE 24 EU,Y1046,BIO,,"49,50 $",BOITE/24,UN,24,,OUI,Canadawide,,,,17 mai 2024,
LAITUE (BIO) COEURS ROM DOLE 12X3 CA,Y1048,BIO,CA,"39,50 $",12X3,1X3,12,,OUI,Canadawide,,,,24 déc. 2024,
LAITUE (BIO) COEURS ROM FOXY 12X3 MX/CA,Y1049,BIO,ÇA ,"22,50 $",12X3,1X3,12,,OUI,Canadawide,,,,24 déc. 2024,
LAITUE (BIO) ESCAROLE LAKESIDE 24 EU,Y1050,BIO,,"59,00 $",12X3,3,12,,OUI,Canadawide,,,,16 avr. 2024,
LAITUE (BIO) ICEBERG #FRESCADEL 12 CA,Y1058,BIO,,"27,50 $",BOITE 24,UN,24,,OUI,Canadawide,,,,8 oct. 2024,
LAITUE (BIO) VARIÉE - BOSTON - FRISÉE ROUGE,Y1066,BIO,CA,"47,50 $",BOITE 24,UN,24,,OUI,Canadawide,,,,14 janv. 2025,
LAITUE ARTISAN T&A 12X4 CA,Y1067,BIO,CA,"1,40 $",200GR,UN,1,,OUI,Canadawide,,JARDIN AU COURANT,,20 juin 2024,
Laitue BIO FEUILLE VERTE FOXY  24 CA,Y1071,BIO,,"24,50 $",BOITE,12x3,12,,OUI,Canadawide,,,,16 févr. 2024,
LAITUE BOSTON ANDYBOY 24 CA,Y1072,,NJ,"  22,00  $ ",BOITE/24,UN,24,,OUI,Canadawide,,,,29 oct. 2024,
LAITUE BOSTON VERT 18,Y1076, ,QC,"20,50 $",BOITE,UN,18,,OUI,Canadawide,,,,22 juill. 2025,
LAITUE CHICOREE 12 QC,Y1077,,QC,"20,00 $",BOITE 12,UN,12,,OUI,Canadawide,,,,25 août 2025,
LAITUE COEURS ROM ANGELINA 12X3 CA,Y1081,,,"74,50 $", 12X3=36 UN,UN,36,,OUI,Canadawide,,,,2 mai 2024,
LAITUE COEURS ROM BABY HEARTS ANDYBOY 12X3 MX,Y1082,,MX,"35,50 $",BOITEX12,3,12,,OUI,Canadawide,,,,24 févr. 2026,
LAITUE COEURS ROM DOLE 12X3 EU,Y1087,,MX,"22,50 $",12X3,3UN,12,,OUI,Canadawide,,,,25 févr. 2025,
LAITUE COEURS ROM FAMILY FRESH 12X3 MX,Y1088,,,"22,50 $",BOITE/12X3,3,12,,OUI,Canadawide,,,,2 mars 2025,
LAITUE COEURS ROM NOTARO 12X3 QC,Y1090,,QC,"22,50 $",12X3,3,12,,OUI,Canadawide,,,,3 oct. 2025,
LAITUE ESCAROLE 12 QC,Y1093,,QC,"20,00 $",BOITE 12,UN,12,,OUI,Canadawide,,,,29 juill. 2025,
LAITUE FEUILLE RGE DOLE 24 EU,Y1096,,CA,"  27,50  $ ",BOITE 24,UN,24,,OUI,Canadawide,,,,31 déc. 2024,
LAITUE FEUILLE RGE VAES BTE.NOIR 24 QC,Y1101,,QC,"17,50 $",24 UN,UN,24,,OUI,Canadawide,,,,14 oct. 2025,
LAITUE FEUILLE VERT 24 NJ,Y1102,,,"  14,00  $ ",BOITE/24,UN,24,,OUI,Canadawide,,,,8 oct. 2024,
LAITUE FEUILLE VERT 24 QC,Y1103,,QC,"16,50 $",BOITE/24,UN,24,,OUI,Canadawide,,,,25 juin 2025,
LAITUE FEUILLE VERT ANDYBOY 24 CA,Y1104,,NJ,"28,00 $",BOITE 24,UN,24,,OUI,Canadawide,,,,20 nov. 2024,
LAITUE GEN V BOSTON DOME 12 ,Y1115,,QC,"22,50 $",BOITE 12,UN,12,,OUI,Canadawide,,,,6 mai 2025,
LAITUE GEN V CROQUANTE DUO 6,Y1117,,QC,"  17,75  $ ",BOITE 6X2,2UN,6,,OUI,Canadawide,,,,20 janv. 2026,
LAITUE GEN V SALANOVA DUO 6,Y1118,,QC,"17,70 $",6X2,2,6,,OUI,Canadawide,,,,29 avr. 2025,
LAITUE ICEBERG ANDYBOY ENV 24 CA,Y1119,,MX,"  10,50  $ ",24,UN,24,,OUI,Canadawide,,,,9 mars 2025,
LAITUE ICEBERG ENV 24 MX,Y1124,,MX,"  30,50  $ ",BOITE 24,UN,24,,OUI,Canadawide,,,,13 mai 2025,
LAITUE ICEBERG FOXY 12 CA ,Y1125,,MX,"16,50 $",BOITE 24,UN,24,,OUI,Canadawide,,,,4 mars 2025,
LAITUE ROMAINE 24 MX,Y1134,,MX,"  8,00  $ ",BOITE 24,UN,24,,OUI,CAnadawide,,,,15 avr. 2025,
LAITUE ROMAINE 24 QC,Y1136,,QC,"  15,00  $ ",BOITE 24,UN,24,,OUI,CAnadawide,,,,17 juin 2025,
Laitue Romaine AndyBoy 24 CA,Y1137,,NJ,"  26,50  $ ",BOITE 24,UN,24,,OUI,Canadawide,,,,20 nov. 2024,
LAITUE ROMAINE ARTISAN T&A 24 EU,Y1138,,CA,"30,50 $",BOITE,UN,24,,OUI,Canadawide,,,,26 mars 2024,
LAITUE ROMAINE BOITE BRUN 24 FL,Y1140,BIO,,"14,50 $",BOITE,,12,,OUI,Canadawide,,,,10 févr. 2024,
LAITUE ROMAINE FRESH CO 24 MX,Y1142,,MX,"28,50 $",BOITE,UN,24,,OUI,Canadawide,,,,1 avr. 2025,
LAITUE ROMAINE PURE FLAVOR ONTARIO,Y1145,,CA,"45,50 $",BOITE/24,UN,24,,OUI,Canadawide,,,,26 mars 2024,
LATTUE LITTLE GEM ROUGE BABE FARM 24 EU,Y1146,,ON,"27,50 $",BOITE,,36,,OUI,Canadawide,,,,2 févr. 2024,
LIMETTE (BIO) #FRESCADEL 10X1LBS,Y1147,,MX,"26,50 $",10X1LBS,1LBS,10,,OUI,Canadawide,,,,17 juin 2025,
LIMETTE #FRESCADEL 18X5UN,Y1148,,MX,"25,75 $",10X1LBS,LBS,10,,OUI,Canadawide,,,,11 mars 2025,
LIMETTE PINK 150 MX,Y1149,,MX,"64,50 $",BOITE 150,UN,150,,OUI,Canadawide,,,,6 janv. 2026,
LIMETTE PINK 175 MX,Y1150,,MX,"53,50 $",BOITE 175,UN,175,,OUI,Canadawide,,,,25 juin 2025,
LIMETTE PINK 200 MX,Y1151,,MX,"32,50 $",BOITE 200,UN,200,,OUI,Canadawide,,,,14 oct. 2025,
LIMETTE ST.CARLOS 175 MX,Y1152,,MX,"19,50 $",BOITE/54 UN,UN,54,,OUI,Canadawide,,,,18 févr. 2024,
MANGUE ATAULFO BOITE BLANC ST-CARLOS 5KG 16,Y1165,,MX,"  18,50  $ ",BOITE 16,UN,16,,OUI,Canadawide,,,,15 juill. 2025,
MANGUE ATAULFO BOITE JAUNE ST-CARLOS 4KG 18,Y1166,,MX,"22,50 $",BOITE/18,UN,18,,OUI,Canadawide,,,,10 juin 2025,
MANGUE ATAULFO BT BLANC ST CARLOS 5KG 1,Y1167,,MX,"16,50 $",BOITE/18,UN,18,,OUI,Canadawide,,,,26 mars 2024,
MANGUE ATAULFO BT JAUNE ST. CARLOS 4KG 1-,Y1169,,MX,"18,50 $",BOITE/14,UN,14,,OUI,Canadawide,,,,11 juin 2025,erreur de facturation 
MANGUE ATAULFO JULIE 14,Y1172,,MX,"29,50 $",14XBOÎTE,UN,14,,OUI,Canadawide,,,,24 févr. 2026,
MANGUE ATAULFO MONARCH 18 MX,Y1174,,MX,"16,00 $",BOITE/18,UN,18,,OUI,Canadawide,,,,3 juin 2025,
MANGUE ATAULFO PALENQUE 22 MX,Y1176,BIO,MX,"27,50 $",BOITE 18,UN,18,,OUI,Canadawide,,,,26 mars 2024,
MANGUE KEITT FRUTATA 12 BR,Y1182,,BR,"  13,50  $ ",BOITE 12,UN,12,,OUI,Canadawide,,,,21 oct. 2025,
MANGUE MALLIKA 5KG 9 MX,Y1185,,MX,"19,50 $",BOITE 9,UN,9,,OUI,Canadawide,,,,3 juin 2025,
MANGUE PALMER FRUTATA 6 BR,Y1193,,BR,"16,50 $",BOITE,UN,10,,OUI,Canadawide,,,,16 févr. 2024,
MANGUE TOMMY PALENQUE 12 MX,Y1197,,GT,"9,50 $",BOITE 9,UN,9,,OUI,Canadawide,,,,10 mai 2024,
MELON D'EAU JAUNE 9 OC,Y1203,,QC,"34,00 $",BOITE 9,UN,9,,OUI,Canadawide,,,,8 mai 2024,
MELON DIVERS CANARY AGROLIBANAIS 7,Y1205,,BR,"  22,75  $ ",BOITE 7,UN,7,,OUI,Canadawide,,,,16 février 2026,
MELON MIEL AGROLIBANAIS 6 MX,Y1206,,MX,"  24,75  $ ",BOITE 6,UN,6,,OUI,Canadawide,,,,16 février 2026,
MELON MIEL AGROLIBANAIS 8 MX,Y1207,,MX,"  24,75  $ ",BOITE 8,UN,8,,OUI,Canadawide,,,,16 février 2026,
MINNEOLAS TANGELO CITRUSFRESCO 10KG 40/45,Y1209,,MX,"23,50 $",40/45,UN,40,,OUI,Canadawide,,,,23 septembre 2025,
"NAVET #1 50LBS 3.5""-5.5"" QC",Y1216,,QC,"33,50 $",50 LBS,LBS,50,,OUI,Canadawide,,,,27 janv. 2026,
NAVET LAKESIDE 25LBS MX ,Y1217,,QC,"35,50 $",50LBS,LBS,50,,OUI,Canadawide,,,,18 févr. 2024,
Navets (Bio) Symbiosis 25lbs QC,Y1218,,MX,"  27,00  $ ",25LBS,LBS,25,,OUI,Canadawide,,,,8 mai 2024,
oignon (Bio) Jaune Enviro/FW Ward 50lbs QC,Y1225,BIO,,"69,50 $",BOITE 40 LBS,LBS,40,,OUI,Canadawide,,,,13 mai 2024,
OIGNON (BIO) JAUNE PACKS 16X3LBS,Y1226,BIO,QC,"40,50 $",50lbs,LBS,50,,OUI,Canadawide,,,,1 mars 2024,
OIGNON (BIO) JAUNE PFENNING 16X3LBS ON,Y1227,BIO,,"69,50 $",SAC 16X3LBS,LBS,48,,OUI,Canadawide,,,,13 mai 2024,
oignon (Bio) Rouges Enviro/FW Ward 50lbs QC,Y1229,BIO,ON,"61,25 $",BOITE/40LBS,LBS,40,,OUI,Canadawide,,,,9 avr. 2024,
OIGNON 3-COULEUR VEGCO SACS 10X1KG QC,Y1231,BIO,AHUNT,"1,23 $",8 À 10 - 150GR,UN,1,,OUI,Canadawide,,JARDIN AU COURANT,,20 juin 2024,
OIGNON BLANC SOUTHWEST JBO 25LBS MX,Y1232,,MX,"16,75 $",25LBS,LBS,25,,OUI,Canadawide,,,,8 avr. 2025,
OIGNON BOILERS JAUNE 10LBS QC ,Y1234,,QC,"  1,45  $ ",10 LBS,10 LBS,1,,OUI,Canadawide,,,,20 janv. 2026,
OIGNON BOILERS RGE 10LBS QC,Y1235,,QC,"2,35 $",10LBS,10 LBS,1,,OUI,Canadawide,,,,17 décembre 2024,
OIGNON CIPOLLINI 10LBS,Y1236,,QC,"3,65 $",10LBS,10 LBS,1,,OUI,Canadawide,,,,17 décembre 2024,
Oignon Esp Sup Colossal 50lbs QC,Y1243,,MA,"22,50 $",BOITE15KG,LBS,33,,OUI,Canadawide,,,,à vérifier,
OIGNON JAUNE 10X5 QC,Y1246,,QC,"17,00 $",SAC/10X5LBS,5LBS,10,,OUI,Canadawide,,,,29 avr. 2025,
OIGNON JAUNE 16X3 QC,Y1247,,QC,"18,75 $",SAC/10X3LBS,3LBS,10,,OUI,Canadawide,,,,4 mars 2025,
"OIGNON JAUNE 50LBS 3"" QC",Y1248,,QC,"17,75 $",SAC/24X2LBS,lbs,24,,OUI,Canadawide,,,,6 mars 2025,
oignon jaune BIO  Frescadel 24X2 LBS,Y1250,BIO,,"45,50 $",16X3 LBS,3 LBS,48,,OUI,Canadawide,,,,26 mars 2024,
OIGNON JAUNE DESERT SUN BLANC SYMBIOSIS 10X5 QC ,Y1251,BIO,,"45,50 $",24X2 LBS,2 LBS,48,,OUI,Canadawide,,,,26 mars 2024,
OIGNON JAUNE MED/LG 10LBS QC,Y1252,,QC,"4,05 $",SAC10LBS,LBS,10,,OUI,Canadawide,,,,25 mars 2025,
OIGNON JAUNE ONIO 24X2 QC,Y1253,,QC,"19,75 $",SAC/24X2LBS,2LBS,24,,OUI,Canadawide,,,,24 févr. 2026,
OIGNON ROUGE JBO 25LBS QC,Y1263,,QC,"10,75 $",25LBS,LBS,25,,OUI,Canadawide,,,,7 oct. 2025,
OIGNON ROUGE LG 25LBS EG,Y1264, ,EG,"13,50 $",12X2 LBS,LBS,25,,OUI,Canadawide,,,,22 juill. 2025,
OIGNON ROUGE LG 25LBS QC ,Y1265,,QC,"22,75 $",25LBS,LBS,25,,OUI,Canadawide,,,,14 nov. 2024,
OIGNON ROUGE MED/LG 25LBS QC,Y1266,,QC,"12,75 $",10LBS,LBS,10,,OUI,Canadawide,,,,22 oct. 2024,
OIGNON SUCRE MAYAN SWEET 12X3 MX ,Y1270,,MX,"32,75 $",12X3LBS,UN,12,,OUI,Canadawide,,,,8 avr. 2025,
OKRA HN,Y1271,,HN,"  33,50  $ ",BOITE 15LBS,LBS,15,,OUI,Canadawide,,,,2 mai 2025,
ORANGE AGREEN 15KG 100 EG,Y1275,,EG,"22,50 $",BOITE 15 KG/100,KG,100,,OUI,Canadawide,,,,22 avr. 2025,
ORANGE AGROMOON15KG 100 EG,Y1277,,EG,"20,50 $",BOITE 15 KG/100,UN,100,,OUI,Canadawide,,,,27 mai 2025,
ORANGE FRENESI 15KG 100 ES,Y1278,,ES,"34,00 $",15 KG 100,UN,100,,OUI,Canadawide,,,,2 décembre 2025,
ORANGE JAGUAR 15KG 100 EG,Y1279,,EG,"21,50 $",BOITE 100,UN,100,,OUI,Canadawide,,,,6 mai 2025,
ORANGE MID/DELTA FRUITHEART 15KG 105 ZA,Y1280,,EG,"19,50 $",BOITE 15KG 88UN,UN,88,,OUI,Canadawide,,,,21 juin 2024,
ORANGE MID/DELTA UNIFRUTTI 105 ZA,Y1281,,ZA,"  26,50  $ ",BOITE/105,UN,105,,OUI,Canadawide,,,,10 janv. 2025,
ORANGE MID/DELTA UNIFRUTTI 48 ZA,Y1282,,ZA,"  44,50  $ ",BOITE/105,UN,105,,OUI,Canadawide,,,,8 oct. 2024,
ORANGE MID/DELTA UNIFRUTTI 56 ZA,Y1283,,ZA,"  44,50  $ ",BOITE/105,UN,48,,OUI,Canadawide,,,,8 oct. 2024,
ORANGE MID/DELTA UNIFRUTTI 64 ZA,Y1284,,ZA,"  44,50  $ ",BOITE/105,UN,56,,OUI,Canadawide,,,,8 oct. 2024,
ORANGE MID/DELTA UNIFRUTTI 72 ZA,Y1285,,ZA,"  44,50  $ ",BOITE/105,UN,64,,OUI,Canadawide,,,,8 oct. 2024,
ORANGE MID/DELTA UNIFRUTTI 88 ZA,Y1286,,ZA,"  44,50  $ ",BOITE/105,UN,72,,OUI,Canadawide,,,,8 oct. 2024,
ORANGE MIDKNIGHT REYNA DEL PLATA  100/105 AR,Y1287,,AR,"  32,50  $ ",BOITE/105,UN,105,,OUI,Canadawide,,,,7 oct. 2025,
ORANGE NADAL 15KG 54 ES,Y1288,,ZA,"  22,50  $ ",BOITE/105,UN,105,,OUI,Canadawide,,,,7 janvier 2025,
ORANGE NADAL 3.6KG ES,Y1290,,ES,"  30,50  $ ",BOITE/90,UN,90,,OUI,Canadawide,,,,10 décembre 2024,
ORANGE NAVEL BTE.NOIR 15KG 80/84 MA,Y1294,,MA,"  31,50  $ ",BOITE 80/84,UN,80,,OUI,Canadawide,,,,18 mars 2025,
ORANGE NAVEL NINA 105 ZA,Y1299,,ZA,"33,50 $",105,UN,105,,OUI,Canadawide,,,,25 juin 2025,
ORANGE NAVEL SUNKIST 36 CA,Y1300,,,"  33,50  $ ",15 KG,KG,15,,OUI,Canadawide,,,,9 mars 2025,
ORANGE NAVEL SUNTREAT 113 CA,Y1307,,US,"  69,50  $ ",,UN,113,,OUI,Canadawide,,,,27 janv. 2026,
ORANGE NAVEL SUNTREAT 138 CA,Y1308,,CA,"27,50 $",BOITE,UN,113,,OUI,Canadawide,,,,27 déc. 2024,
ORANGE NAVEL SUNTREAT 40 CA,Y1309,,CA,"59,50 $",BOITE,UN,138,,OUI,Canadawide,,,,3 mai 2024,
ORANGE NAVEL SUNTREAT 48 CA,Y1310,,CA,"33,50 $",BOITE,UN,40,,OUI,Canadawide,,,,9 avr. 2024,
ORANGE NAVEL SUNTREAT 56 CA,Y1311,,CA,"33,50 $",BOITE,UN,48,,OUI,Canadawide,,,,9 avr. 2024,
ORANGE NAVEL SUNTREAT 72 CA,Y1312,,CA,"33,50 $",BOITE,UN,56,,OUI,Canadawide,,,,9 avr. 2024,
ORANGE NAVEL SUNTREAT 88 CA,Y1313,,CA,"47,50 $",BOITE,UN,72,,OUI,Canadawide,,,,9 avr. 2024,
ORANGE NAVEL VENUS 15KG 48/54 MA,Y1314,,CA,"49,50 $",BOITE,UN,88,,OUI,Canadawide,,,,9 avr. 2024,
ORANGE NAVEL VENUS 15KG 60 MA,Y1315,,,"27,50 $",,,,,OUI,Canadawide,,,,9 avr. 2024,
ORANGE NILE 15KG 72 EG,Y1320,,MA,"33,50 $",15KG/54,UN,54,,OUI,Canadawide,,,,9 avr. 2024,
ORANGE SALUSTIANA BTE.NOIR 15KG 90/96 MA,Y1324,,EG,"19,50 $",BOITE 15KG 88UN,UN,88,,OUI,Canadawide,,,,21 juin 2024,
ORANGE SALUSTIANA LOVELY 15KG 70/78 MA,Y1326,,MA,"29,50 $",15KG 70/78,UN,78,,OUI,Canadawide,,,,4 mars 2025,
PAMPLE. DARK RED HELLER 56FL,Y1346,,FL,"47,50 $",56UN,UN,56,,OUI,Canadawide,,,,21 juin 2024,
PAMPLE. ROUGE NADAL 14KG 54/56 ES,Y1351,,ES,"  28,50  $ ",BOITE 54,UN,54,,OUI,Canadawide,,,,10 janv. 2025,
PAMPLE. ROUGE RIO PRIDE 48 FL,Y1352,,CA,"  55,50  $ ",BOITE 48,UN,48,,OUI,Canadawide,,,,29 oct. 2024,
PAMPLE. STAR RUBY FRUIT ONE 50/55 ZA,Y1353,,ZA,"31,50 $",50-55UN,UN,50,,OUI,Canadawide,,,,25 août 2025,
PAMPLE. STAR RUBY HASAT 60 TR,Y1354,,TR,"19,50 $",60UN,UN,60,,OUI,Canadawide,,,,18 mars 2025,
PAMPLE. STAR RUBY MAHEL 50/55 ZA,Y1355,,ZA,"31,50 $",50/55,UN,55,,OUI,Canadawide,,,,23 septembre 2025,
PAMPLE. STAR RUBY SUNTREAT 32 CA,Y1364,,CA,"52,50 $",15kg/33lbs,UN,32,,OUI,Canadawide,,,,24 avr. 2024,
PAMPLE. STAR RUBY SUNTREAT 48 CA,Y1365,,CA,"44,50 $",15kg/33lbs,UN,48,,OUI,Canadawide,,,,16 avr. 2024,
PAMPLE. STAR RUBY SUNTREAT 56 CA,Y1366,,CA,"44,50 $",15kg/33lbs,UN,55,,OUI,Canadawide,,,,16 avr. 2024,
Pamplemousses Dark Red Bobby's 48un FL,Y1368,,FL,"40,50 $",Boite40lbs,UN,48,,OUI,Canadawide,,,,8 mars 2024,
Pamplemousses Dark Red Heller 32 FL,Y1369,,FL,"64,50 $",Boite40lbs,LBS,40,,OUI,Canadawide,,,,6 mars 2024,
PANAIS 12x1 QC,Y1370,,QC,"22,50 $",12 X 1 LBS,1LBS,12,,OUI,Canadawide,,,,10 juin 2025,
PANAIS 20LBS Bolivia,Y1371,,QC,"40,00 $",20LBS,LBS,20,,OUI,Canadawide,,,,12 nov. 2024,
PANAIS 20LBS QC,Y1372,,QC,"29,50 $",20LBS,LBS,20,,OUI,Canadawide,,,,24 févr. 2026,
PANIERS - FLEURS - VILLE EN VERT -,Y1373,N/A,QC,"8,00 $",PANIER,UN,1,,OUI,Ville en vert,,,,12 août 2025,
PANIERS - MISC. - VILLE EN VERT - BIO,Y1374,BIO,QC,"10,00 $",PANIER,UN,1,,OUI,Ville en vert,,,,12 août 2025,
PATATE (BIO) BLANC SYMBIOSIS QC,Y1376,BIO,QC,"36,50 $",10X5,5LBS,10,,OUI,Canadawide,,,,6 mai 2025,
PATATE (BIO) BLEU GLENORRA 20LBS QC,Y1377,,QC,"  35,00  $ ",BOITE 20LBS,LBS,20,,OUI,Canadawide,,,,2 septembre 2025,
PATATE 10LBS BLANC PINSONNEAULT QC,Y1378,,QC,"3,50 $",SAC10LBS,LBS,10,,OUI,Canadawide,,,,16 déc. 2025,
PATATE 10LBS JAUNE DOLBEC QC,Y1379,,QC,"3,75 $",SAC10LBS,LBS,10,,OUI,Canadawide,,,,6 janv. 2026,
PATATE 10X5 BLANC PINSONNEAULT QC,Y1380,,QC,"  25,50  $ ",BOITE 10X5,5LBS,10,,OUI,Canadawide,,,,3 oct. 2025,
"PATATE BEBE FINGERLINGS 16X1,5LBS",Y1381,,QC,"  40,50  $ ","16X1,5LBS","1,5LBS",16,,OUI,Canadawide,,,,9 déc. 2025,
"PATATE BLANC PINSONNEAULT ""C"" 20LBS QC",Y1382,,QC,"  36,50  $ ",BOITE 20LBS,LBS,20,,OUI,Canadawide,,,,2 septembre 2025,
PATATE CHEF ROUGE 50LBS QC,Y1383,,QC,"  15,75  $ ",50LBS,LBS,50,,OUI,Canadawide,,,,23 mars 2025,
PATATE CHEF RUSSET 50LBS QC,Y1384,,QC,"16,75 $",50LBS,LBS,50,,OUI,,,,,27 mai 2025,
PATATES 10LBS BLANC PINSONNEAULT QC,Y1390,,QC,"2,75 $",SAC10LBS,LBS,10,,OUI,Canadawide,,,,31 mars 2025,
PECHE JAUNE GEOFRUIT 9KG VF-60/64 CL,Y1392,,CL,"42,50 $",9KG/60-64,UN,64,,OUI,Canadawide,,,,9 mars 2025,
PECHE ONTARIO JAUNE VRAC 2 1/2  36 LBS,Y1393,,ON,"  44,50  $ ",BOITES 36LBS,LBS,36,,OUI,Canadawide,,,,2 septembre 2025,
Persil (Bio) Coriandre Lakeside 30 CA,Y1394,BIO,CA,"29,50 $",BOITE-30,UN,30,,OUI,Canadawide,,,,19 mars 2024,
Persil (Bio) Frisé Naturally Organic 30 CA/MX,Y1395,BIO,CA,"29,50 $",BOITE-30,UN,30,,OUI,Canadawide,,,,19 mars 2024,
Persil (Bio) Italien Lakeside 30 CA,Y1396,BIO,CA,"29,50 $",BOITE-30,UN,30,,OUI,Canadawide,,,,19 mars 2024,
Persil (Bio) Italien ou Coriandre Lakeside 30 CA,Y1397,BIO,CA,"29,50 $",BOITE-30,UN,30,,OUI,Canadawide,,,,19 mars 2024,
PERSIL (BIO) ITALIEN ROOT68 30,Y1398,BIO,CA,"42,50 $",BOITE-30,UN,30,,OUI,Canadawide,,,,13 mai 2024,
PERSIL CORIANDRE 2DZ QC,Y1399, ,QC,"18,00 $",BOITE-24,UN,24,,OUI,Canadawide,,,,16 septembre 2025,
PERSIL CORIANDRE ST.CARLOS,Y1401, ,MX,"28,50 $",BOITE-24,UN,24,,OUI,Canadawide,,,,13 janv. 2026,
PERSIL FRISE 60 QC,Y1402, ,QC,"34,50 $",BOITE-60,UN,60,,OUI,Canadawide,,,,2 décembre 2025,
PERSIL FRISE DZ,Y1403, ,CA,"12,00 $",DZ 12,UN,12,,OUI,Canadawide,,,,17 mai 2024,
PERSIL ITALIEN 60 QC,Y1406, ,QC,"19,50 $",BOITE-60,UN,60,,OUI,Canadawide,,,,7 oct. 2025,
PERSIL ITALIEN JJ LOOP,Y1407, ,TX,"35,00 $",BOITEX60,UN,60,,OUI,Canadawide,,,,24 févr. 2026,
"PERSIMON VANILLE KAKI PLATINUM 3,5KG 20 ES",Y1412,,EG,"16,50 $",20 PAR BOITE,UN,20,,OUI,Canadawide,,,,9 déc. 2025,
PIMENT (BIO) MINI SUCREE WILSON 12X1 MX,Y1415,,MX,"19,50 $",12X1 LBS,LBS,12,,OUI,Canadawide,,,,31 mars 2025,
PIMENT JAUNE ECONO CHOIX QC,Y1416,,QC,"18,75 $",15LBS-32 un,UN,32,,OUI,Canadawide,,,,11 oct. 2024,
PIMENT JAUNE GIFAR  1 1/9 EU 32,Y1417,,EU,"21,50 $",15LBS-32 un,UN,32,,OUI,Canadawide,,,,19 avr. 2024,
PIMENT MINI SUCREE PURE FLAVOR 12X1 ON,Y1420,,ON,"14,50 $",12X1LBS,1LBS,12,,OUI,Canadawide,,,,7 oct. 2025,
"PIMENT MINI SUCREE SUNSET 12X1,5LBS MX",Y1421,,ON,"36,50 $","12X1,5LBS",1LBS,12,,OUI,Canadawide,,,,18 nov. 2025,
PIMENT MINI SUCREE WILSON 12X1 MX,Y1422,,MX,"13,00 $",12X1LBS,LBS,12,,OUI,Canadawide,,,,3 juin 2025,
PIMENT MULTI-COLOR DEL FRESCO 9X4 ON,Y1423,,ON,"23,50 $",9X4,4UN,9,,OUI,Canadawide,,,,17 juin 2025,
PIMENT MULTI-PACK DEL FRESCO 9X4 MX,Y1424,,MX,"31,50 $",9X4,4UN,9,,OUI,Canadawide,,,,2 décembre 2025,
PIMENT MULTI-PACK SENSATION 9X4 ON,Y1425,,ON,"33,00 $",9X4,4UN,9,,OUI,Canadawide,,,,13 janv. 2026,
PIMENT ROUGE CASABLANCA 25LBS MX,Y1427,,MX,"29,50 $",25LBS,LBS,25,,OUI,Canadawide,,,,31 mars 2025,
PIMENT ROUGE EN VRAC 5KG/11LBS  ENV 18,Y1428,,MX,"19,75 $",11LBS-ENV 18,UN,18,,OUI,Canadawide,,,,13 mai 2024,
PIMENT ROUGE FARMERS BEST 15LBS MX 32UN,Y1429,,MX,"18,50 $",15LBS-32,UN,32,,OUI,Canadawide,,,,11 mars 2025,
PIMENT ROUGE FARMERS BEST 25LBS MX,Y1430,,MX,"67,00 $",25LBS,LBS,15,,OUI,Canadawide,,,,À vérifier,
PIMENT ROUGE GIFAR 5KG QC,Y1431,,QC,"19,75 $",11LBS-ENV 18,UN,18,,OUI,Canadawide,,,,8 octobre 2024,
PIMENT ROUGE GREENHOUSE DELIGHT 5KG XLG BC,Y1432,,BC,"19,75 $",11LBS-ENV 26,UN,26,,OUI,Canadawide,,,,17 mai 2024,
PIMENT ROUGE HARVEST TIME 15LBS MX,Y1433,,MX,"16,50 $",15LBS,LBS,15,,OUI,Canadawide,,,,13 mai 2025,
PIMENT ROUGE NAT.FRESH XLG 5KG ON  25-28 COUNT,Y1434,,ON,"29,50 $",11LBS,UN,25,,OUI,Canadawide,,,,13 mai 2025,
PIMENT ROUGE PURE FLAVOR XLG 5KG ON,Y1435,,ON,"14,00 $",5KG,UN,20,,OUI,Canadawide,,,,24 avr. 2024,
PIMENT ROUGE RUSTICO MUCCI 11LBS ON,Y1436,,ON,"23,50 $",11LBS /??UN,LBS,11,,OUI,Canadawide,,,,26 juin 20024,
PIMENT SWEET SNAPS 8X12OZ ON,Y1437,,ON,"16,00 $",8X227GRAMMES,UN,8,,OUI,Canadawide,,,,6 janv. 2026,
PIMENT VERT 1 1 /9 BSH ON,Y1438,,ON,"15,00 $",BOITE 20LBS,LBS,20,,OUI,Canadawide,,,,25 nov. 2025,
PIMENT VERT G.ROY CHOIX QC,Y1439,,QC,"10,75 $",VERIFIER QTÉ - 11 LBS,LBS,11,#REF!,OUI,Canadawide,,,,9 septembre 2025,
POIRE ANJOU CONQUISTA 100 AR,Y1446,,AR,"49,50 $",BOITE 100,UN,100,,OUI,Canadawide,,,,8 mai 2024,
POIRE ANJOU DUCKWALL 110 OR ,Y1449,,OR,"66,75 $",BOITE 110,UN,110,,OUI,Canadawide,,,,7 janvier 2025,
POIRE ANJOU REDFIVE 18KG 120 ,Y1450,,AR,"52,75 $",BOITE 120,UN,120,,OUI,Canadawide,,,,17 juin 2025,
"POIRE BARTLETT  WILLIAM KO-DE BAGH 12,5KG 90",Y1451,,ZA,"29,75 $",BOITE 90,UN,90,,OUI,Canadawide,,,,8 avr. 2025,
POIRE BARTLETT DUCKWALL 90 OR ,Y1452,,OR,"52,75 $",BOITE 90,UN,90,,OUI,Canadawide,,,,14 janv. 2026,
POIRE BARTLETT SOFRUCCO 18KG 120 CL,Y1457,,CL,"40,75 $",18KG 120UN,UN,120,,OUI,Canadawide,,,,25 mars 2025,
POIRE BARTLETT TIGER BRAND 18 KG 100 AR,Y1458,,AR,"47,75 $",18 KG,UN,100,,OUI,Canadawide,,,,6 mai 2025,
POIRE BARTLETT WILLIAM RED FIVE 18 KG 110AR,Y1459,,AR,"43,00 $",18 KG/110,UN,110,,OUI,Canadawide,,,,3 juin 2025,
POIRE ONTARIO BARTLETT VRAC 36LBS ON,Y1465,,ON,"51,50 $",18 KG,UN,100,,OUI,Canadawide,,,,25 août 2025,
POIRE ROCHA  10X1KG SAC PT,Y1466,,PT,"  31,50  $ ",BOITE 10X1KG,KG,10,,OUI,Canadawide,,,,6 janv. 2026,
POIREAUX (BIO) LAKESIDE 20LBS CA ENV 14,Y1469,BIO,CA,"39,50 $",BOIRE/20LBS,LBS,20,,OUI,Canadawide,,,,3 mai 2024,
Poireaux (Bio) Naturally Organic MX 12x3poireaux,Y1470,BIO,MX,"39,50 $",12x3/36poir.,UN,36,,OUI,Canadawide,,,,19 mars 2024,
Poireaux (Bio) Naturally Organic MX 20 lbs,Y1471,BIO,MX,"39,50 $",20LBS,LBS,20,,OUI,Canadawide,,,,19 mars 2024,
Poireaux Importé x 5,Y1473, , ,"5,00 $",PAQUETS/5,UN,5,,OUI,Canadawide,,,,19 mars 2024,
POIREAUX IMPORTÉ X12 FR,Y1474, ,FR,"19,50 $",PAQUETS/12,UN,12,,OUI,Canadawide,,,,29 juill. 2025,
POIREAUX TOKYO 12X3 MX,Y1478, ,MX,"29,50 $",12XBOITE,3,12,,OUI,Canadawide,,,,24 févr. 2026,
POIREAUX X 12 MX,Y1479, ,MX,"17,25 $",PAQUETS/12,UN,12,,OUI,Canadawide,,,,13 janv. 2026,
POIREAUX X 12 QC,Y1480, ,QC,"16,00 $",PAQUETS/12,UN,12,,OUI,Canadawide,,,,16 déc. 2025,
POIS MANGE TOUT 10LBS GT,Y1481,,GT,"28,50 $",10 LBS,LBS,10,,OUI,Canadawide,,,,6 mai 2025,
POIS SUCRÉ 10LBS GT,Y1482,,GT,"26,50 $",10 LBS,LBS,10,,OUI,Canadawide,,,,20 mai 2025,
POMME (BIO) AMBROSIA VIVA TIERRA 113 WA,Y1484,BIO,,"40,50 $",,,,,oui,Canadawide,,,,,
Pomme (Bio) Locale Cortland Maia 35lbs QC,Y1504,BIO,QC,"49,50 $",BOITE/35LBS,LBS,35,,OUI,Canadawide,,,,À vérifier,
POMME (BIO) LOCALE MCINTOSH MAIA 35LBS QC,Y1506,BIO,QC,"52,50 $",18X2LBS,2LBS,18,,OUI,Canadawide,,,,5 avr. 2024,
POMME GR.SMITH COPA 112/113 ES,Y1532,,ES,"49,75 $",112UN,UN,112,,OUI,Canadawide,,,,8 juill. 2025,
POMME LOCALE JAUNE LOOSE QC 36LBS,Y1544,,QC,"36,25 $",BOITE 36LBS,LBS,36,#REF!,OUI,Canadawide,,,,23 décembre 2025,
POMME LOCALE MCINTOSH 113/120/125,Y1545,,QC,"  32,00  $ ",BOITE 113/120/125,UN,113,,OUI,Canadawide,,,,31 déc. 2024,
POMME LOCALE MCINTOSH 36LBS 130 UN PAR BOITE,Y1546,,QC,"27,50 $",BOITE 36LBS,LBS,36,,OUI,Canadawide,,,,20 janv. 2026,
POMME LOCALE SPARTAN 36LBS,Y1548,,QC,"29,00 $",BOITE 36LBS,LBS,36,,OUI,Canadawide,,,,15 oct. 2024,
"POMME ROYAL GALA GEE WHIZ SAC 12X2,5LBS",Y1559, ,WA,"33,50 $","12X2,5LBS","2,5LBS",12,,OUI,Canadawide,,,,12 nov. 2024,
POMMEGRENADE MOLLAR CAMBAYAS 9KG 30 ES,Y1560,,ES,"32,50 $",30 PAR BOITE,UN,30,,OUI,Canadawide,,,,23 décembre 2025,
POMMEGRENADE ROYAL 3.5KG 12 EG,Y1561,,EG,"15,50 $",12 PAR BOITE,UN,12,,OUI,Canadawide,,,,9 déc. 2025,
Pommes (Bio) Locale SPARTAN Maia 35LBS QC,Y1562,BIO,QC,"49,50 $",BOITE/35LBS,LBS,35,,OUI,Canadawide,,,,14 mars 2024,
POUSSE (BIO) LUZERNE REG. AQUAFUCHSIA 12X75GR,Y1563,BIO,QC,"18,50 $",75GR,75GR,12,,OUI,Canadawide,,,,11 mars 2025,
POUSSE (BIO) POIS MANGE TOUT 12X75GR,Y1564,BIO,QC,"20,75 $",75GR,75GR,12,,OUI,Canadawide,,,,11 mars 2025,
POUSSE POIS MANGE TOUT 10LBS GT,Y1567,,GT,"17,50 $",10LBS,LBS,10,,OUI,Canadawide,,,,25 févr. 2025,
POUSSE REGULIER 12X75GR,Y1569,,,"  16,50  $ ",75GR,75gr,12,,OUI,Canadawide,,,,16 mars 2025,
PRUNE NOIR ANGELENO TOP FRESH 55/60,Y1570,,IT,"  36,50  $ ",BOITE 9KG QTE 120,UN,120,,OUI,Canadawide,,,,29 oct. 2024,
PRUNE ONTARIO BLUE PANIER 10X1.5 ON,Y1571,,ON,"  43,50  $ ",10X1.5L,1.5L,10,,OUI,Canadawide,,,,24 sept. 2024,
RABIOLE 25LBS QC,Y1573,,QC,"  25,00  $ ",SAC 25LBS,LBS,25,,OUI,canadawide,,,,27 janv. 2026,
RADICCHIO ROYAL ROSE 12 QC,Y1575,,QC,"  14,50  $ ",BOITE/12,UN,12,,OUI,Canadawide,,,,4 nov. 2024,
RADIS (BIO) D'ÉTÉ,Y1576,BIO,AHUNT,"1,93 $",6 À 8 - 300GR,UN,1,,OUI,Canadawide,,JARDIN AU COURANT,,20 juin 2024,
RADIS (BIO) MELON D'EAU VALLONS 10LBS QC,Y1577,BIO,QC,"17,50 $",10LBS,LBS,10,,OUI,Canadawide,, ,,6 janv. 2026,
RADIS FEUILLE JAG 2DZ QC,Y1581,,QC,"15,75 $",2DZ-24,UN,24,,OUI,Canadawide,,,,12 août 2025,
RADIS FEUILLE RADISH KING 4DZ MX,Y1586,,MX,"22,00 $",4DZ,UN,48,,OUI,Canadawide,,,,1 avr. 2025,
RADIS MELON D'EAU 10LBS QC BIO,Y1588,BIO,QC,"18,00 $",10LBS,LBS,10,,OUI,Canadawide,,,,10 déc. 2024,
RAI.VERT SP IVORY MANUELITA JBO PE,Y1590,,PE,"39,50 $",18 LBS,LBS,18,#REF!,OUI,Canadawide,,,,18 févr. 2024,
RAI.VERT SWEET GLOBE LONAKA XLG ZA,Y1591,,ZA,"34,50 $",18 LBS,LBS,18,,OUI,Canadawide,,,,8 avr. 2025,
RAISIN (BIO) UNIQUE COTTON CANDY MOLINA 16 LBS,Y1592,,MX,"39,50 $",16LBS,LBS,16,,OUI,Canadawide,,,,29 juill. 2025,
RAISIN ONTARIO VERT PANIER 10X1.5 PANIER ONT,Y1593,,ON,"42,50 $","10x1,5LT",UN,10,,OUI,Canadawide,,,,16 septembre 2025,
RAISIN UNIQUE MUSCAT BEAUTY SANTA ELENA 16 LBS SAC,Y1594,,CI,"29,50 $",BOITE 16LBS,LBS,16,,OUI,Canadawide,,,,17 juin 2025,
RHUBARBE 10 LBS ON,Y1599,,ON,"  31,00  $ ",,,,,OUI,Canadawide,,,,14 juin 2024,
RHUBARBE SERBI 12X9 QC 9 BATONS,Y1600,,QC,"50,00 $",12X9?,UN,12,,OUI,Canadawide,,,,25 juin 2025,
SALADE MELANGE (BIO) LILYS 2LBS CA,Y1603, ,CA,"15,00 $",2LBS,LBS,2,,OUI,Canadawide,,,,21 oct. 2025,
SUPER MIX CLASSIC (MESCLUM) - 2LBS AC,Y1606,BIO,CA,"12,50 $",2LBS,LBS,2,,OUI,Canadawide,,,,22 oct. 2024,
Tangerine Au Miel Noble 100 FL,Y1609,,FL,"42,50 $",BOITE/100,UN,100,,OUI,Canadawide,,,,À vérifier,
TOFU (BIO) FINES HERBERS UNISOYA 6X454GR QC,Y1610,BIO,QC,"16,00 $",454g,454GR,6,,OUI,Canadawide,,,,5 avr. 2024,
Tofu (Bio) Nature Unisoya 6x454gr QC,Y1611,BIO,QC,"15,00 $",BOITE,454gr,6,,OUI,Canadawide,,,,2 mars 2025,
TOFU (BIO) NATURE UNISOYA 6X454GR QC... ,Y1613,BIO,QC,"  17,00  $ ",6X454GR,UN,6,,OUI,Canadawide,,,,18 nov. 2025,
Tomate  Heirloom  MX 10lbs,Y1623,,,"18,75 $",10KG/20 un,UN,20,,OUI,Canadawide,,,,15 mars 2024,
TOMATE (BIO) RAISIN MASTER TOUCH 12X1 MX,Y1629,BIO,MX,"24,50 $",12X1 PINTE,PINTE,12,,OUI,Canadawide,,,,16 févr. 2026,
TOMATE (H.H(QC) CERIZO SAVOURA 8LBS ,Y1632,,QC,"33,50 $",BOITE,LBS,8,,OUI,Canadawide,,,,16 avr. 2024,
"TOMATE CERISE WILD WONDERS 6 X 1,5 ON",Y1639,,ON,"13,00 $","6 X 1,5","1,5L",6,,OUI,Canadawide,,,,7 oct. 2025,
TOMATE DE CHAMPS SURPRENANT 20LBS MED,Y1641,,QC,"13,75 $",BOITE 25LBS,LBS,25,,OUI,Canadawide,,,,23 septembre 2025,
TOMATE H H(QC) S.VIGNE LA DIVA 5KG,Y1644,,QC,"9,75 $",11LBS,LBS,11,,OUI,Canadawide,,,,27 mai 2025,
TOMATE H H(QC) S.VIGNE SERRES BERGERON 5KG,Y1645,,QC,"15,75 $",BOITE/35,UN,35,,OUI,Canadawide,,,,11 oct. 2024,
Tomate H.H. (ON) Heirloom 10lbs,Y1649,,,"46,50 $",lbs,,10,,OUI,Canadawide,,,,6 mars 2024,
TOMATE H.H. (ON) S.VIGNE POLICELLA 5KG,Y1650,,ON,"7,50 $",BOITE 5KG,KG,5,,OUI,Canadawide,,,,19 mai 2025,
TOMATE H.H(EU) SUNSET 45 15LBS,Y1653,,EU,"16,50 $",15LBS/45,UN,45,,OUI,Canadawide,,,,17 décembre 2024,
TOMATE H.H(MX) KUMATO SUNSET 14X3,Y1654,,MX,"13,50 $",14X3,3UN,14,,OUI,Canadawide,,,,25 févr. 2025,
TOMATE H.H(MX) KUMATO SUNSET ENV 10X1,Y1655,,MX,"13,50 $",10x 454GRAMMES,454GR,10,,OUI,Canadawide,,,,18 nov. 2025,
TOMATE H.H(ON) CAMPARI SUNSET 10X1,Y1663,,ON,"  11,50  $ ",10X1,1LBS,10,,OUI,Canadawide,,,,22 juill. 2025,
TOMATE H.H(ON) MUCCI 22 15LBS,Y1666,,ON,"19,75 $",BOITE/28,UN,28,,OUI,Canadawide,,,,5 avr. 2024,
TOMATE H.H(ON) PURE FLAVOR 35 15LBS,Y1668,,ON,"13,50 $",15LBS 35,UN,35,,OUI,Canadawide,,,,15 avr. 2025,
TOMATE H.H(ON) S.VIGNE NAT.FRESH 5KG,Y1669,,ON,"11,75 $",BOITE 5KG,UN,35,,OUI,Canadawide,,,,1 avr. 2025,
TOMATE H.H(ON) S.VIGNE SUNSET 5KG,Y1670,,ON,"9,75 $",BOITE 5KG,UN,50,,OUI,Canadawide,,,,20 nov. 2024,
TOMATE H.H(ON) SUNSET 39 15LBS ,Y1673,,ON,"8,50 $",BOITE 15 LBS,UN,39,,OUI,Canadawide,,,,9 déc. 2025,
TOMATE H.H(ON) SUNSET 42 15LBS ,Y1674,,ON,"6,50 $",BOITE 15 LBS,UN,42,,OUI,Canadawide,,,,2 mai 2025,
TOMATE H.H(QC) COCKTAIL SAVOURA 9X1,Y1675,,QC,"14,50 $",9X1LBS,UN,9,,OUI,Canadawide,,,,21 oct. 2025,
TOMATE H.H(QC) DEMERS 35/39 15LBS,Y1677,,QC,"22,50 $",15LBS 35/39,UN,35,,OUI,Canadawide,,,,15 avr. 2025,
TOMATE H.H(QC) DEMERS MED/LG 20LBS,Y1678,,QC,"11,50 $",BOITE 20LBS,LBS,20,,OUI,Canadawide,,,,8 juin 2025,
TOMATE H.H(QC) DEMERS XL 15LBS,Y1679,,QC,"14,00 $",15LBS APROX 40,UN,40,,OUI,Canadawide,,,,29 mars 2024,
TOMATE H.H(QC) PETIT ITAL DEMERS 9X1LBS,Y1680,,QC,"16,00 $",9X1LBS,1LBS,9,,OUI,Canadawide,,,,23 décembre 2025,
TOMATE H.H(QC) ROUGE EXCEL SERRE 25LBS,Y1684,,QC,"19,50 $",25LBS,LBS,25,,OUI,Canadawide,,,,25 août 2025,
TOMATE H.H(QC) S.VIGNE DEMERS 5KG  33UN,Y1687,,QC,"11,50 $",BOITE 5KG/11LBS,UN,33,,OUI,Canadawide,,,,17 juin 2025,
TOMATE H.H(QC) VIGNE POLICELLA 5KG,Y1691,,QC,"10,50 $",BOITE 5KG/11LBS/30UN,UN,30,,OUI,Canadawide,,,,22 mai 2024,
TOMATE RAISIN MASTER TOUCH 12.. ,Y1703,,MX,"8,50 $",12X1 PINT,UN,12,,OUI,Canadawide,,,,2 mars 2025,
TOMATE RAISIN SUNSET 15X1 MX,Y1707,,MX,"15,50 $",BOITE 15X1,LBS,15,,OUI,Canadawide,,,,16 avr. 2024,
TOMATE ROMA ROCCO RED PURE FLAVOR 9X,Y1708,,MX,"16,00 $",9X?,1LB,9,,OUI,Canadawide,,,,25 nov. 2025,
TOMATE ROMA SUNSET XL 25LBS ,Y1709,,ON,"38,75 $",25LBS,LBS,25,,OUI,Canadawide,,,,24 févr. 2026,
TOMATE V.R(MX) CALAVO 4X45 25LBS,Y1710,,MX,"12,75 $",BOITE 25LBS,LBS,25,,OUI,Canadawide,,,,18 févr. 2024,
TOMATES CERISE OAKES FARMS12x1 EU,Y1711,,EU,"19,75 $",12X1,UN,12,,OUI,Canadawide,,,,10 janv. 2025,
TOMATES CERISE ROUGE BERTRAND 12x1 QC,Y1712,,QC,"54,50 $",12X1,UN,12,,OUI,Canadawide,,,,26 juin 2024,
Tomates HH (EU) NAT.FRESH 39 15LBS,Y1714,,EU,"16,00 $",15LBS/ 39,UN,39,,OUI,Canadawide,,,,26 mars 2024,
Tomates HH (ON) Del Fresco 5kg ,Y1715,,ON,"12,50 $",5kg/11lbs,LBS,11,,OUI,Canadawide,,,,10 févr. 2024,
Tomates HH (QC) Demers MED/LG 20/lbs ,Y1716,,QC,"26,50 $",BOITE,LBS,20,,OUI,Canadawide,,,,16 févr. 2024,
Tomates HH (QC) Rouge SAVOURA 15 LBS 35/39,Y1718,,QC,"26,50 $",15LBS/ 35-39,UN,35,,OUI,Canadawide,,,,26 mars 2024,
TOMATILLOS BTE. PLASTIQUE 35LBS MX,Y1721,,MX,"54,50 $",BOITE 35LBS,LBS,35,,OUI,Canadawide,,,,23 septembre 2025,
TOPINAMBOUR (BIO) 10LBS CA,Y1723,BIO,CA,"39,50 $",SAC 10 LBS,LBS,10,,OUI,Canadawide,,,,25 févr. 2025,
TOPINAMBOUR 20LBS QC,Y1726,,QC,"45,50 $",LBS,LBS,20,,OUI,Canadawide,,,,2 mars 2025,
VIDE,Y1730,, ,"0,00 $", , ,1,,OUI,Canadawide, , , , ,
YAMS BERLO'S BEST JBO ON,Y1732,,ON,"21,50 $",BOITE/40LBS,LBS,40,,OUI,Canadawide,,,,16 déc. 2025,
YAMS BRUCE SWEET POTATO JBO EU,Y1733,,EU,"34,50 $",BOITE 40LBS,LBS,40,,OUI,Canadawide,,,,25 juin 2025,
YAMS CREOLE BELLE EU,Y1734,,EU,"34,50 $",BOITE 40LBS,LBS,40,,OUI,Canadawide,,,,19 avr. 2024,
YAMS DELTA BLUES EU,Y1735,,ON,"33,50 $",BOITE/40LBS,LBS,40,,OUI,Canadawide,,,,20 janv. 2026,
YAMS SW CREOLE  EU,Y1737,,EU,"28,00 $",BOITE 40LBS,LBS,40,#REF!,OUI,Canadawide,,,,16 avr. 2024,
ZUCCHINI GRIS  MX,Y1748,,MX,"41,50 $",6KG,KG,6,,OUI,Canadawide,,,,16 févr. 2026,
ZUCCHINI GRIS ZUCKINORD FCY 20LBS QC,Y1749,,QC,"16,75 $",20LBS,LBS,20,,OUI,Canadawide,,,,12 août 2025,
ZUCCHINI JAUNE JARDIN M.G FOY 20LBS QC,Y1751,,QC,"18,00 $",20LBS,LBS,20,,OUI,Canadawide,,,,2 juill. 2024,
ZUCCHINI JAUNE MALENA MX,Y1752,,MX,"24,50 $",BOITE 40UN,UN,40,,OUI,Canadawide,,,,10 déc. 2024,
ZUCCHINI VERT FARMERS BEST 48/BOITE MX,Y1753,,MX,"13,75 $",BOITE,UN,48,#REF!,OUI,Canadawide,,,,19 mars 2024,
ZUCCHINI VERT GREENPOINT MX +PETIT,Y1754,,MX,"21,50 $",BOITE 4/7,LBS,20,,OUI,Canadawide,,,,2 avr. 2024,
ZUCCHINI VERT MED NOTARO QC,Y1755,,QC,"10,75 $",BOITE 20LBS,LBS,20,,OUI,Canadawide,,,,23 septembre 2025,
ZUCCHINI VERT SUNFED XF MX,Y1756,,MX,"9,50 $",BOITE 22 LBS,LBS,22,,OUI,Canadawide,,,,16 déc. 2025,
ZUCCHINI VERT SURPRENANT FCY 20LBS QC,Y1757,,QC,"14,75 $",BOITE 20LBS,LBS,20,,OUI,Canadawide,,,,7 oct. 2025,
ZUCCHINI VERT ZUCKINORD FCY 20LBS QC,Y1758,,QC,"18,75 $",BOITE 20LBS,LBS,20,,OUI,Canadawide,,,,9 septembre 2025,